article_id,title,source_role,parent_url,attachment_url,original_path,markdown_path,sha256,content_type,extraction_engine,extraction_status,classification,note
3109872,关于修订印发2018年度金融企业财务报表格式的通知,substantive-attachment,https://kjs.mof.gov.cn/gongzuotongzhi/201812/t20181227_3109872.htm,https://kjs.mof.gov.cn/gongzuotongzhi/201812/P020181227598151630019.pdf,raw/_archive/standards/accounting/page-attachments/001-P020181227598151630019.pdf,raw/standards/accounting/page-attachments/001-P020181227598151630019.pdf.md,2b5e04145a3511a9b373d3955ba97893fcfb600227183915b44ea932b59bf8b8,application/pdf,pymupdf,ok,archived,
3857395,关于印发《企业会计准则解释第16号》的通知,substantive-attachment,https://kjs.mof.gov.cn/gongzuotongzhi/202212/t20221212_3857395.htm,https://kjs.mof.gov.cn/gongzuotongzhi/202212/P020221213437987613379.pdf,raw/standards/accounting/interpretations-pages/解释第16号_附件.pdf,raw/standards/accounting/interpretations-pages/解释第16号_附件.pdf.md,41d5c5be6d0333900b8c7f9eab1e8926b4b08fdd0291db6033445171fc4b1752,application/pdf,existing-sidecar,ok,archived,renamed interpretation attachment
33804,关于印发《企业会计准则解释第1号》的通知,substantive-attachment,https://kjs.mof.gov.cn/zhengcefabu/200805/t20080522_33804.htm,https://kjs.mof.gov.cn/zhengcefabu/200805/P020081118406702247293.doc,raw/standards/accounting/interpretations-pages/解释第01号_附件.doc,raw/standards/accounting/interpretations-pages/解释第01号_附件.doc.md,0b5ed2f0e92e456a3352e42d071cb1a5e47c5558faa1daee45eddc9f45b73db2,application/msword,existing-sidecar,ok,archived,renamed interpretation attachment
74645,关于印发企业会计准则解释第2号的通知,substantive-attachment,https://kjs.mof.gov.cn/zhengcefabu/200809/t20080912_74645.htm,https://kjs.mof.gov.cn/zhengcefabu/200809/P020080912540661805201.doc,raw/standards/accounting/interpretations-pages/解释第02号_附件.doc,raw/standards/accounting/interpretations-pages/解释第02号_附件.doc.md,b0fae717b7dd9cc8b1865bed0aa6677eb530fc8c529e4ec2d2cd3eb744247e66,application/msword,existing-sidecar,ok,archived,renamed interpretation attachment
172281,关于印发企业会计准则解释第3号的通知,substantive-attachment,https://kjs.mof.gov.cn/zhengcefabu/200906/t20090625_172281.htm,https://kjs.mof.gov.cn/zhengcefabu/200906/P020090625556829994230.doc,raw/standards/accounting/interpretations-pages/解释第03号_附件.doc,raw/standards/accounting/interpretations-pages/解释第03号_附件.doc.md,946a940ee3dfb3a016610432df266d1482f4e1b2dbdb54b8f9faca14ede25249,application/msword,existing-sidecar,ok,archived,renamed interpretation attachment
1038629,关于印发《企业会计准则解释第6号》的通知,substantive-attachment,https://kjs.mof.gov.cn/zhengcefabu/201401/t20140123_1038629.htm,https://kjs.mof.gov.cn/zhengcefabu/201401/P020140123592926740992.doc,raw/standards/accounting/interpretations-pages/解释第06号_附件.doc,raw/standards/accounting/interpretations-pages/解释第06号_附件.doc.md,9649d736fb4b57bfbac3c13f01d4c41805dd89c05d5947a765c19165ecfa94c2,application/msword,existing-sidecar,ok,archived,renamed interpretation attachment
1052943,关于印发《农业保险大灾风险准备金会计处理规定》的通知,substantive-attachment,https://kjs.mof.gov.cn/zhengcefabu/201403/t20140307_1052943.htm,https://kjs.mof.gov.cn/zhengcefabu/201403/P020140307389182567029.pdf,raw/_archive/standards/accounting/page-attachments/003-P020140307389182567029.pdf,raw/standards/accounting/page-attachments/003-P020140307389182567029.pdf.md,2294baba06cf84f05f5681accb5d761e06637e5a4cb968955e40c7115c92ab44,application/pdf,pymupdf,ok,archived,
1057952,关于印发《金融负债与权益工具的区分及相关会计处理规定》的通知,substantive-attachment,https://kjs.mof.gov.cn/zhengcefabu/201403/t20140321_1057952.htm,https://kjs.mof.gov.cn/zhengcefabu/201403/P020140321350163053512.pdf,raw/_archive/standards/accounting/page-attachments/004-P020140321350163053512.pdf,raw/standards/accounting/page-attachments/004-P020140321350163053512.pdf.md,93d4bded5553a7d53bf30b56c768fbe27b46bf6f414e586136ae029b8a7609a9,application/pdf,pymupdf,ok,archived,
1173216,关于印发《企业产品成本核算制度——石油石化行业》的通知,substantive-attachment,https://kjs.mof.gov.cn/zhengcefabu/201412/t20141229_1173216.htm,https://kjs.mof.gov.cn/zhengcefabu/201412/P020141229297164266021.pdf,raw/_archive/standards/accounting/page-attachments/005-P020141229297164266021.pdf,raw/standards/accounting/page-attachments/005-P020141229297164266021.pdf.md,ea413960076e45d357360cefc5012656ca3727d0b45dff536d6494a1c04a08fa,application/pdf,pymupdf,ok,archived,
1559056,关于印发《企业会计准则解释第7号》的通知,substantive-attachment,https://kjs.mof.gov.cn/zhengcefabu/201511/t20151113_1559056.htm,https://kjs.mof.gov.cn/zhengcefabu/201511/P020151113316589161827.pdf,raw/_archive/standards/accounting/page-attachments/008-P020151113316589161827.pdf,raw/standards/accounting/page-attachments/008-P020151113316589161827.pdf.md,553d7a2754ef78d157a4df231f431066459a65c1594c5358e85dea515c96439e,application/pdf,pymupdf,ok,archived,
1590105,关于印发《企业产品成本核算制度——钢铁行业》的通知,substantive-attachment,https://kjs.mof.gov.cn/zhengcefabu/201511/t20151130_1590105.htm,https://kjs.mof.gov.cn/zhengcefabu/201511/P020151130544962770968.pdf,raw/_archive/standards/accounting/page-attachments/006-P020151130544962770968.pdf,raw/standards/accounting/page-attachments/006-P020151130544962770968.pdf.md,f9b8f6f1d8a8419caf039a9261a96c503fb6edabe5b0e8066b7184465dd432bf,application/pdf,pymupdf,ok,archived,
2428006,关于印发《规范“三去一降一补”有关业务的会计处理规定》的通知,substantive-attachment,https://kjs.mof.gov.cn/zhengcefabu/201609/t20160927_2428006.htm,https://kjs.mof.gov.cn/zhengcefabu/201609/P020160927561758728583.docx,raw/_archive/standards/accounting/page-attachments/007-P020160927561758728583.docx,raw/standards/accounting/page-attachments/007-P020160927561758728583.docx.md,08ce1e6fd78cf1c283291b89b72e40e3453e1a697c05c224a6044791ee7089f2,application/vnd.openxmlformats-officedocument.wordprocessingml.document,python-docx,ok,archived,
2445062,关于印发《企业产品成本核算制度——煤炭行业》的通知,substantive-attachment,https://kjs.mof.gov.cn/zhengcefabu/201610/t20161027_2445062.htm,https://kjs.mof.gov.cn/zhengcefabu/201610/P020161027596363056602.pdf,raw/_archive/standards/accounting/page-attachments/008-P020161027596363056602.pdf,raw/standards/accounting/page-attachments/008-P020161027596363056602.pdf.md,1db7de66a4af3175d82dbb45f80e7dcb31733f446cce0e33688a0e94057a97ed,application/pdf,pymupdf,ok,archived,
2505655,关于印发《企业破产清算有关会计处理规定》的通知,substantive-attachment,https://kjs.mof.gov.cn/zhengcefabu/201612/t20161227_2505655.htm,https://kjs.mof.gov.cn/zhengcefabu/201612/P020161227381668494980.pdf,raw/_archive/standards/accounting/page-attachments/010-P020161227381668494980.pdf,raw/standards/accounting/page-attachments/010-P020161227381668494980.pdf.md,2aaf1b81f9b835606a0a8ecbc648f27ae067ebdb1b22a3c7baf66a225d068ced,application/pdf,pymupdf,ok,archived,
2628433,关于印发《企业会计准则解释第9号——关于权益法下投资净损失的会计处理》的通知,substantive-attachment,https://kjs.mof.gov.cn/zhengcefabu/201706/t20170621_2628433.htm,https://kjs.mof.gov.cn/zhengcefabu/201706/P020170621605521628417.docx,raw/standards/accounting/interpretations-pages/解释第09号_附件.docx,raw/standards/accounting/interpretations-pages/解释第09号_附件.docx.md,c7dc2a0ca0a0299c25e83a95e133d3025224b43e51ed0efc2daa718b38c00fb3,application/vnd.openxmlformats-officedocument.wordprocessingml.document,existing-sidecar,ok,archived,renamed interpretation attachment
2628435,关于印发《企业会计准则解释第10号——关于以使用固定资产产生的收入为基础的折旧方法》的通知,substantive-attachment,https://kjs.mof.gov.cn/zhengcefabu/201706/t20170621_2628435.htm,https://kjs.mof.gov.cn/zhengcefabu/201706/P020170621607055685277.docx,raw/standards/accounting/interpretations-pages/解释第10号_附件.docx,raw/standards/accounting/interpretations-pages/解释第10号_附件.docx.md,47b5b664823917bacd2029a7d1bc73cdd32a5170864b4473518b4a5232690a5b,application/vnd.openxmlformats-officedocument.wordprocessingml.document,existing-sidecar,ok,archived,renamed interpretation attachment
2628437,关于印发《企业会计准则解释第11号——关于以使用无形资产产生的收入为基础的摊销方法》的通知,substantive-attachment,https://kjs.mof.gov.cn/zhengcefabu/201706/t20170621_2628437.htm,https://kjs.mof.gov.cn/zhengcefabu/201706/P020170621608562170360.docx,raw/standards/accounting/interpretations-pages/解释第11号_附件.docx,raw/standards/accounting/interpretations-pages/解释第11号_附件.docx.md,31c55bd7888d839cd2d0e878502756d0ec42244624cbbd09dc82d336ca92ccdb,application/vnd.openxmlformats-officedocument.wordprocessingml.document,existing-sidecar,ok,archived,renamed interpretation attachment
2628439,关于印发《企业会计准则解释第12号——关于关键管理人员服务的提供方与接受方是否为关联方》的通知,substantive-attachment,https://kjs.mof.gov.cn/zhengcefabu/201706/t20170621_2628439.htm,https://kjs.mof.gov.cn/zhengcefabu/201706/P020170621609794986303.docx,raw/standards/accounting/interpretations-pages/解释第12号_附件.docx,raw/standards/accounting/interpretations-pages/解释第12号_附件.docx.md,8d80334ef622e352c7bbaa17e2f1e9dc94b43b9cb5d0e593f46352910d79a3eb,application/vnd.openxmlformats-officedocument.wordprocessingml.document,existing-sidecar,ok,archived,renamed interpretation attachment
2798185,关于印发《企业产品成本核算制度——电网经营行业》的通知,substantive-attachment,https://kjs.mof.gov.cn/zhengcefabu/201801/t20180119_2798185.htm,https://kjs.mof.gov.cn/zhengcefabu/201801/P020180119549306349795.pdf,raw/_archive/standards/accounting/page-attachments/012-P020180119549306349795.pdf,raw/standards/accounting/page-attachments/012-P020180119549306349795.pdf.md,2ed9f198eeeb36777ecc5883e2e9e29ae5712169a8545e79125eb291c48daf5e,application/pdf,pymupdf,ok,archived,
3065822,关于印发《知识产权相关会计信息披露规定》的通知,substantive-attachment,https://kjs.mof.gov.cn/zhengcefabu/201811/t20181113_3065822.htm,https://kjs.mof.gov.cn/zhengcefabu/201811/P020181113394808063878.pdf,raw/_archive/standards/accounting/page-attachments/013-P020181113394808063878.pdf,raw/standards/accounting/page-attachments/013-P020181113394808063878.pdf.md,6622d8c3b120deadb1c945952898ec7b110ddb8653dc068dbe427cb3415b2f7c,application/pdf,pymupdf,ok,archived,
3138955,关于印发《永续债相关会计处理的规定》的通知,substantive-attachment,https://kjs.mof.gov.cn/zhengcefabu/201901/t20190130_3138955.htm,https://kjs.mof.gov.cn/zhengcefabu/201901/P020190130562568550137.pdf,raw/_archive/standards/accounting/page-attachments/014-P020190130562568550137.pdf,raw/standards/accounting/page-attachments/014-P020190130562568550137.pdf.md,4f499de3b7690ba9a87905f529027b76b7c466a664d8656584b0f1e369aab3d1,application/pdf,pymupdf,ok,archived,
3254992,关于修订印发2019年度一般企业财务报表格式的通知,substantive-attachment,https://kjs.mof.gov.cn/zhengcefabu/201905/t20190510_3254992.htm,https://kjs.mof.gov.cn/zhengcefabu/201905/P020190510359607388970.pdf,raw/_archive/standards/accounting/page-attachments/015-P020190510359607388970.pdf,raw/standards/accounting/page-attachments/015-P020190510359607388970.pdf.md,81957bc9e433c0ad23c4b14953f74438fa20f4885bbcd028eadff5cefdc2568c,application/pdf,pymupdf,ok,archived,
3254992,关于修订印发2019年度一般企业财务报表格式的通知,substantive-attachment,https://kjs.mof.gov.cn/zhengcefabu/201905/t20190510_3254992.htm,https://kjs.mof.gov.cn/zhengcefabu/201905/P020190510359607790104.pdf,raw/_archive/standards/accounting/page-attachments/015-P020190510359607790104.pdf,raw/standards/accounting/page-attachments/015-P020190510359607790104.pdf.md,cf442fbfd7f4b17e07c2de5b4499e8a82e0983ff09a7d7e8f02fcde455508e8f,application/pdf,pymupdf,ok,archived,
3394088,关于修订印发合并财务报表格式（2019版）的通知,substantive-attachment,https://kjs.mof.gov.cn/zhengcefabu/201909/t20190927_3394088.htm,https://kjs.mof.gov.cn/zhengcefabu/201909/P020190927495702300413.pdf,raw/_archive/standards/accounting/page-attachments/016-P020190927495702300413.pdf,raw/standards/accounting/page-attachments/016-P020190927495702300413.pdf.md,3a1ebf8fb9c6db94a92ad4c8fde43850702e51da0a437f914ea1184754989721,application/pdf,pymupdf,ok,archived,
3394088,关于修订印发合并财务报表格式（2019版）的通知,substantive-attachment,https://kjs.mof.gov.cn/zhengcefabu/201909/t20190927_3394088.htm,https://kjs.mof.gov.cn/zhengcefabu/201909/P020190927495702775032.pdf,raw/_archive/standards/accounting/page-attachments/016-P020190927495702775032.pdf,raw/standards/accounting/page-attachments/016-P020190927495702775032.pdf.md,ed1f40dcfd852087d4109d4b516ed13eb75742be038800bc8e8ed27fd04a7b4d,application/pdf,pymupdf,ok,archived,
3441493,关于印发《企业会计准则解释第13号》的通知,substantive-attachment,https://kjs.mof.gov.cn/zhengcefabu/201912/t20191213_3441493.htm,https://kjs.mof.gov.cn/zhengcefabu/201912/P020191213606003885528.pdf,raw/standards/accounting/interpretations-pages/解释第13号_附件.pdf,raw/standards/accounting/interpretations-pages/解释第13号_附件.pdf.md,e4fc06acafa6de63b98aae5f4c8858096e2ce3e0e1f16f6e2aa341e9542dabd5,application/pdf,existing-sidecar,ok,archived,renamed interpretation attachment
3448268,关于印发《碳排放权交易有关会计处理暂行规定》的通知,substantive-attachment,https://kjs.mof.gov.cn/zhengcefabu/201912/t20191223_3448268.htm,https://kjs.mof.gov.cn/zhengcefabu/201912/P020191223369112189281.pdf,raw/_archive/standards/accounting/page-attachments/017-P020191223369112189281.pdf,raw/standards/accounting/page-attachments/017-P020191223369112189281.pdf.md,7836c61ce53ffc0d184dbdd58bef3397668d6cbd0de2e2e6596d685df483702c,application/pdf,pymupdf,ok,archived,
3538070,关于印发《新冠肺炎疫情相关租金减让会计处理规定》的通知,substantive-attachment,https://kjs.mof.gov.cn/zhengcefabu/202006/t20200624_3538070.htm,https://kjs.mof.gov.cn/zhengcefabu/202006/P020200624342034965796.pdf,raw/_archive/standards/accounting/page-attachments/018-P020200624342034965796.pdf,raw/standards/accounting/page-attachments/018-P020200624342034965796.pdf.md,325790e24bca023a42503df1d87acb6b5c212fd0e2acb9e26c5c7f85072b0bf6,application/pdf,pymupdf,ok,archived,
3653110,关于印发《企业会计准则解释第14号》的通知,substantive-attachment,https://kjs.mof.gov.cn/zhengcefabu/202102/t20210202_3653110.htm,https://kjs.mof.gov.cn/zhengcefabu/202102/P020210202577424347532.pdf,raw/standards/accounting/interpretations-pages/解释第14号_附件.pdf,raw/standards/accounting/interpretations-pages/解释第14号_附件.pdf.md,10a8dca5df5b64cf45037d8cc66b00127dc0493b6eb65b3cfc0c6c9eea285d47,application/pdf,existing-sidecar,ok,archived,renamed interpretation attachment
3756964,关于印发《企业产品成本核算制度——油气管网行业》的通知,substantive-attachment,https://kjs.mof.gov.cn/zhengcefabu/202110/t20211008_3756964.htm,https://kjs.mof.gov.cn/zhengcefabu/202110/P020211008508350268899.pdf,raw/_archive/standards/accounting/page-attachments/019-P020211008508350268899.pdf,raw/standards/accounting/page-attachments/019-P020211008508350268899.pdf.md,cfc7403a664014616e6f40ef88beaa7fa402533d694e2abd1275476ff01c4c6e,application/pdf,pymupdf,ok,archived,
3779983,关于印发《企业会计准则解释第15号》的通知,substantive-attachment,https://kjs.mof.gov.cn/zhengcefabu/202112/t20211231_3779983.htm,https://kjs.mof.gov.cn/zhengcefabu/202112/P020211231565531647850.pdf,raw/standards/accounting/interpretations-pages/解释第15号_附件.pdf,raw/standards/accounting/interpretations-pages/解释第15号_附件.pdf.md,dd752f3cae4f9472d31fb0db8bc8c450748c2ac193754f0647960b2bb46b0491,application/pdf,existing-sidecar,ok,archived,renamed interpretation attachment
3903354,关于印发《企业数据资源相关会计处理暂行规定》的通知,substantive-attachment,https://kjs.mof.gov.cn/zhengcefabu/202308/t20230821_3903354.htm,https://kjs.mof.gov.cn/zhengcefabu/202308/P020230821585628790308.pdf,raw/_archive/standards/accounting/page-attachments/020-P020230821585628790308.pdf,raw/standards/accounting/page-attachments/020-P020230821585628790308.pdf.md,0d60dd762421a89e1509dd36d0c6654442304b57b0594228afefb13fd65a0b57,application/pdf,pymupdf,ok,archived,
3915491,关于印发《企业会计准则解释第17号》的通知,substantive-attachment,https://kjs.mof.gov.cn/zhengcefabu/202311/t20231109_3915491.htm,https://kjs.mof.gov.cn/zhengcefabu/202311/P020231109301950429806.pdf,raw/standards/accounting/interpretations-pages/解释第17号_附件.pdf,raw/standards/accounting/interpretations-pages/解释第17号_附件.pdf.md,0d6a3fa5a41f09581fe45e7d9a9697ac8101049e90df2ef49c985f71df8fb817,application/pdf,existing-sidecar,ok,archived,renamed interpretation attachment
3950344,关于印发《企业会计准则解释第18号》的通知,substantive-attachment,https://kjs.mof.gov.cn/zhengcefabu/202412/t20241223_3950344.htm,https://kjs.mof.gov.cn/zhengcefabu/202412/P020241223624330738971.pdf,raw/standards/accounting/interpretations-pages/解释第18号_附件.pdf,raw/standards/accounting/interpretations-pages/解释第18号_附件.pdf.md,84fa0b0b2e74bdfe8013fa766e96172b3155953b9ad105ac878d06d30075d4b3,application/pdf,existing-sidecar,ok,archived,renamed interpretation attachment
3704069,股份支付准则应用案例——以首次公开募股成功为可行权条件,substantive-attachment,https://kjs.mof.gov.cn/zt/kjzzss/srzzzq/gfzfyyal/202105/t20210518_3704069.htm,https://kjs.mof.gov.cn/zt/kjzzss/srzzzq/gfzfyyal/202105/P020210518375412336011.pdf,raw/_archive/standards/accounting/application-case-attachments/012-P020210518375412336011.pdf,raw/standards/accounting/application-case-attachments/012-P020210518375412336011.pdf.md,509facb93677462b898ac86bced953d1bf564d4a02b94bced4014a3e20f79195,application/pdf,pymupdf,ok,archived,
3704076,股份支付准则应用案例——“大股东兜底式”股权激励计划,substantive-attachment,https://kjs.mof.gov.cn/zt/kjzzss/srzzzq/gfzfyyal/202105/t20210518_3704076.htm,https://kjs.mof.gov.cn/zt/kjzzss/srzzzq/gfzfyyal/202105/P020210518378130607194.pdf,raw/_archive/standards/accounting/application-case-attachments/013-P020210518378130607194.pdf,raw/standards/accounting/application-case-attachments/013-P020210518378130607194.pdf.md,a4cc293863b1ad11fffbd56926c49c3fe20dc701b6bb7d7af89fed7721e6239f,application/pdf,pymupdf,ok,archived,
3704082,股份支付准则应用案例——授予限制性股票,substantive-attachment,https://kjs.mof.gov.cn/zt/kjzzss/srzzzq/gfzfyyal/202105/t20210518_3704082.htm,https://kjs.mof.gov.cn/zt/kjzzss/srzzzq/gfzfyyal/202105/P020210518384054233794.pdf,raw/_archive/standards/accounting/application-case-attachments/014-P020210518384054233794.pdf,raw/standards/accounting/application-case-attachments/014-P020210518384054233794.pdf.md,d0f5228b7658284b68ba1e92544ba14fe0dd5e519f7cc66081017f53a8b97020,application/pdf,pymupdf,ok,archived,
3704084,股份支付准则应用案例——授予日的确定,substantive-attachment,https://kjs.mof.gov.cn/zt/kjzzss/srzzzq/gfzfyyal/202105/t20210518_3704084.htm,https://kjs.mof.gov.cn/zt/kjzzss/srzzzq/gfzfyyal/202105/P020210518385156435360.pdf,raw/_archive/standards/accounting/application-case-attachments/015-P020210518385156435360.pdf,raw/standards/accounting/application-case-attachments/015-P020210518385156435360.pdf.md,f7a2c2eb28f22da2fccfc014dd8158a066be08d726327df4474c1381131d2878,application/pdf,pymupdf,ok,archived,
3704086,股份支付准则应用案例——实际控制人受让股份是否构成新的股份支付,substantive-attachment,https://kjs.mof.gov.cn/zt/kjzzss/srzzzq/gfzfyyal/202105/t20210518_3704086.htm,https://kjs.mof.gov.cn/zt/kjzzss/srzzzq/gfzfyyal/202105/P020210518386545332486.pdf,raw/_archive/standards/accounting/application-case-attachments/016-P020210518386545332486.pdf,raw/standards/accounting/application-case-attachments/016-P020210518386545332486.pdf.md,f36fa7117de8b04117e9b8e9e672b22dd1d79c47ec9ed39e268e10db57cb1cd5,application/pdf,pymupdf,ok,archived,
3869796,股份支付准则应用案例——企业将以现金结算的股份支付修改为以权益结算的股份支付,substantive-attachment,https://kjs.mof.gov.cn/zt/kjzzss/srzzzq/gfzfyyal/202302/t20230228_3869796.htm,https://kjs.mof.gov.cn/zt/kjzzss/srzzzq/gfzfyyal/202302/P020230228399283776696.pdf,raw/_archive/standards/accounting/application-case-attachments/030-P020230228399283776696.pdf,raw/standards/accounting/application-case-attachments/030-P020230228399283776696.pdf.md,7dff817b56fb4ab73fc78ea121910578f54ffeedf6ce981eebd6d5ea7d2d7c3c,application/pdf,pymupdf,ok,archived,
3937581,股份支付准则应用案例——股份支付的修改导致所授予权益工具的公允价值增加,substantive-attachment,https://kjs.mof.gov.cn/zt/kjzzss/srzzzq/gfzfyyal/202406/t20240620_3937581.htm,https://kjs.mof.gov.cn/zt/kjzzss/srzzzq/gfzfyyal/202406/P020240620591986535639.pdf,raw/_archive/standards/accounting/application-case-attachments/036-P020240620591986535639.pdf,raw/standards/accounting/application-case-attachments/036-P020240620591986535639.pdf.md,47e3d869dd001a0b71204a285f15325a712c5214507ae8988940fb28b422eea5,application/pdf,pymupdf,ok,archived,
3784577,资金集中管理会计处理应用案例,substantive-attachment,https://kjs.mof.gov.cn/zt/kjzzss/srzzzq/jrgjzzyy/202201/t20220124_3784577.htm,https://kjs.mof.gov.cn/zt/kjzzss/srzzzq/jrgjzzyy/202201/P020220124608610279549.pdf,raw/_archive/standards/accounting/application-case-attachments/023-P020220124608610279549.pdf,raw/standards/accounting/application-case-attachments/023-P020220124608610279549.pdf.md,119c2d08e24e0775960a0ebb47931424436a2317d55c73e48abc7b4ad0ce5a88,application/pdf,pymupdf,ok,archived,
3839955,金融负债与权益工具的区分应用案例 ——对减资程序的考虑,substantive-attachment,https://kjs.mof.gov.cn/zt/kjzzss/srzzzq/jrgjzzyy/202209/t20220913_3839955.htm,https://kjs.mof.gov.cn/zt/kjzzss/srzzzq/jrgjzzyy/202209/P020220913411553366166.pdf,raw/_archive/standards/accounting/application-case-attachments/024-P020220913411553366166.pdf,raw/standards/accounting/application-case-attachments/024-P020220913411553366166.pdf.md,38245687fa55d371d705c67912548b4f2ef1e9cc664eb5fd292ec1aeba8db693,application/pdf,pymupdf,ok,archived,
3839956,金融负债与权益工具的区分应用案例 ——中止和恢复回售权,substantive-attachment,https://kjs.mof.gov.cn/zt/kjzzss/srzzzq/jrgjzzyy/202209/t20220913_3839956.htm,https://kjs.mof.gov.cn/zt/kjzzss/srzzzq/jrgjzzyy/202209/P020220913412155974996.pdf,raw/_archive/standards/accounting/application-case-attachments/025-P020220913412155974996.pdf,raw/standards/accounting/application-case-attachments/025-P020220913412155974996.pdf.md,8144db13187a98027181e7e7c2e7003d68540769e74eddae1134f056847b1f5c,application/pdf,pymupdf,ok,archived,
3839957,金融负债与权益工具的区分应用案例 ——补充协议导致发行人义务变化,substantive-attachment,https://kjs.mof.gov.cn/zt/kjzzss/srzzzq/jrgjzzyy/202209/t20220913_3839957.htm,https://kjs.mof.gov.cn/zt/kjzzss/srzzzq/jrgjzzyy/202209/P020220913412649962496.pdf,raw/_archive/standards/accounting/application-case-attachments/026-P020220913412649962496.pdf,raw/standards/accounting/application-case-attachments/026-P020220913412649962496.pdf.md,0f6f74ebf3d1ba4f317fe5fb0ef59e05592e5d60d66a07134a309dc480a81a19,application/pdf,pymupdf,ok,archived,
3839959,金融负债与权益工具的区分应用案例 ——发行人作为合同一方承担的义务,substantive-attachment,https://kjs.mof.gov.cn/zt/kjzzss/srzzzq/jrgjzzyy/202209/t20220913_3839959.htm,https://kjs.mof.gov.cn/zt/kjzzss/srzzzq/jrgjzzyy/202209/P020220913413146445202.pdf,raw/_archive/standards/accounting/application-case-attachments/027-P020220913413146445202.pdf,raw/standards/accounting/application-case-attachments/027-P020220913413146445202.pdf.md,ad937381bc75fccc1df7c2b3f63861b6f926760b5f73fe2de9d726a45a6130d8,application/pdf,pymupdf,ok,archived,
3839960,金融负债与权益工具的区分应用案例 ——投资者保护条款,substantive-attachment,https://kjs.mof.gov.cn/zt/kjzzss/srzzzq/jrgjzzyy/202209/t20220913_3839960.htm,https://kjs.mof.gov.cn/zt/kjzzss/srzzzq/jrgjzzyy/202209/P020220913413509669238.pdf,raw/_archive/standards/accounting/application-case-attachments/028-P020220913413509669238.pdf,raw/standards/accounting/application-case-attachments/028-P020220913413509669238.pdf.md,71c00d81c72873e11bf7da7ae37f48980f900344837db55bc48c7dc092d8a2ca,application/pdf,pymupdf,ok,archived,
3896707,预期信用损失法应用案例（一）——以内部评级体系为基础,substantive-attachment,https://kjs.mof.gov.cn/zt/kjzzss/srzzzq/jrgjzzyy/202307/t20230717_3896707.htm,https://kjs.mof.gov.cn/zt/kjzzss/srzzzq/jrgjzzyy/202307/P020230717562477814396.pdf,raw/_archive/standards/accounting/application-case-attachments/032-P020230717562477814396.pdf,raw/standards/accounting/application-case-attachments/032-P020230717562477814396.pdf.md,0d8e1b57028d2e8bba6aad5922fd655f779c1b9fb89005060844977f536cb5a0,application/pdf,pymupdf,ok,archived,
3896711,预期信用损失法应用案例（二）——不以内部评级体系为基础的简化方法,substantive-attachment,https://kjs.mof.gov.cn/zt/kjzzss/srzzzq/jrgjzzyy/202307/t20230717_3896711.htm,https://kjs.mof.gov.cn/zt/kjzzss/srzzzq/jrgjzzyy/202307/P020231025658077557643.pdf,raw/_archive/standards/accounting/application-case-attachments/033-P020231025658077557643.pdf,raw/standards/accounting/application-case-attachments/033-P020231025658077557643.pdf.md,6a3c96905d9e622319f10c4ef425aa79722cea35659b161b5f76ceb79b88d704,application/pdf,pymupdf,ok,archived,
3988929,金融工具列报应用案例——指定为以公允价值计量且其变动计入其他综合收益的权益工具投资...,substantive-attachment,https://kjs.mof.gov.cn/zt/kjzzss/srzzzq/jrgjzzyy/202604/t20260430_3988929.htm,https://kjs.mof.gov.cn/zt/kjzzss/srzzzq/jrgjzzyy/202604/P020260430539586351619.pdf,raw/_archive/standards/accounting/application-case-attachments/038-P020260430539586351619.pdf,raw/standards/accounting/application-case-attachments/038-P020260430539586351619.pdf.md,1a8850e5c672583e3fff139c61c259b2e26e95bc851f83dc3a3b8c24e9a5490e,application/pdf,pymupdf,ok,archived,
3744014,PPP项目合同社会资本方会计处理应用案例——金融资产模式,substantive-attachment,https://kjs.mof.gov.cn/zt/kjzzss/srzzzq/pppkjclyyal/202108/t20210810_3744014.htm,https://kjs.mof.gov.cn/zt/kjzzss/srzzzq/pppkjclyyal/202108/P020210810309845568850.pdf,raw/_archive/standards/accounting/application-case-attachments/021-P020210810309845568850.pdf,raw/standards/accounting/application-case-attachments/021-P020210810309845568850.pdf.md,4516b45bf7903a5c845c8193272696098cd5bbd1e369d1979e3d0cba34911a50,application/pdf,pymupdf,ok,archived,
3744013,PPP项目合同社会资本方会计处理应用案例——无形资产模式,substantive-attachment,https://kjs.mof.gov.cn/zt/kjzzss/srzzzq/pppkjclyyal/202108/t20210810_3744013.htm,https://kjs.mof.gov.cn/zt/kjzzss/srzzzq/pppkjclyyal/202108/P020230310440286276379.pdf,raw/_archive/standards/accounting/application-case-attachments/020-P020230310440286276379.pdf,raw/standards/accounting/application-case-attachments/020-P020230310440286276379.pdf.md,f4bf69445b2c358af19728ea45d29a399a36f20f9f3c180a0583b63d10efa2f2,application/pdf,pymupdf,ok,archived,
3744016,PPP项目合同社会资本方会计处理应用案例——混合模式,substantive-attachment,https://kjs.mof.gov.cn/zt/kjzzss/srzzzq/pppkjclyyal/202108/t20210810_3744016.htm,https://kjs.mof.gov.cn/zt/kjzzss/srzzzq/pppkjclyyal/202108/P020230310440596066728.pdf,raw/_archive/standards/accounting/application-case-attachments/022-P020230310440596066728.pdf,raw/standards/accounting/application-case-attachments/022-P020230310440596066728.pdf.md,aff668b60fe10f69e13653030765f0ba1e22cab1fb506194fcea1bbe7b608418,application/pdf,pymupdf,ok,archived,
3991875,企业合并准则应用案例——补偿性资产的会计处理,substantive-attachment,https://kjs.mof.gov.cn/zt/kjzzss/srzzzq/qyhbzzyyal/202606/t20260618_3991875.htm,https://kjs.mof.gov.cn/zt/kjzzss/srzzzq/qyhbzzyyal/202606/P020260618436842966610.pdf,raw/_archive/standards/accounting/application-case-attachments/039-P020260618436842966610.pdf,raw/standards/accounting/application-case-attachments/039-P020260618436842966610.pdf.md,7e637fd5371066f6f426f2c433d5e7b85a59b61b04222b4b620fbbc70d51b105,application/pdf,pymupdf,ok,archived,
3877087,所得税准则应用案例——单项交易产生的资产和负债相关的递延所得税不适用初始确认豁免的...,substantive-attachment,https://kjs.mof.gov.cn/zt/kjzzss/srzzzq/sdszzyyal/202304/t20230404_3877087.htm,https://kjs.mof.gov.cn/zt/kjzzss/srzzzq/sdszzyyal/202304/P020230404313918413399.pdf,raw/_archive/standards/accounting/application-case-attachments/031-P020230404313918413399.pdf,raw/standards/accounting/application-case-attachments/031-P020230404313918413399.pdf.md,ce528610259152946576090f8f7acd1b504a5da264dec2d857cd2aeb71a0e200,application/pdf,pymupdf,ok,archived,
3088434,收入准则应用案例——运输服务,substantive-attachment,https://kjs.mof.gov.cn/zt/kjzzss/srzzzq/srzzyy/201812/t20181211_3088434.htm,https://kjs.mof.gov.cn/zt/kjzzss/srzzzq/srzzyy/201812/P020181211522923749416.pdf,raw/_archive/standards/accounting/application-case-attachments/001-P020181211522923749416.pdf,raw/standards/accounting/application-case-attachments/001-P020181211522923749416.pdf.md,199edc703df70b48ca7c42f201a124737dae805baf08b1fb38d8c33f1b65c4b4,application/pdf,pymupdf,ok,archived,
3088435,收入准则应用案例——合同履约成本（酒店等服务行业的合同成本）,substantive-attachment,https://kjs.mof.gov.cn/zt/kjzzss/srzzzq/srzzyy/201812/t20181211_3088435.htm,https://kjs.mof.gov.cn/zt/kjzzss/srzzzq/srzzyy/201812/P020181211523708550704.pdf,raw/_archive/standards/accounting/application-case-attachments/002-P020181211523708550704.pdf,raw/standards/accounting/application-case-attachments/002-P020181211523708550704.pdf.md,4d339b8f5b596f05df91ae10519aec08d449c2fd66e3872c0130de2b1a3e7544,application/pdf,pymupdf,ok,archived,
3088436,收入准则应用案例——合同负债（电商平台预售购物卡）,substantive-attachment,https://kjs.mof.gov.cn/zt/kjzzss/srzzzq/srzzyy/201812/t20181211_3088436.htm,https://kjs.mof.gov.cn/zt/kjzzss/srzzzq/srzzyy/201812/P020181211523877443490.pdf,raw/_archive/standards/accounting/application-case-attachments/003-P020181211523877443490.pdf,raw/standards/accounting/application-case-attachments/003-P020181211523877443490.pdf.md,c5dc0b54a5d3df04d716a4659dd5f75e9f4686145340e2d22621ae01c9fc1898,application/pdf,pymupdf,ok,archived,
3088437,收入准则应用案例——合同负债（涉及不同增值税率的储值卡）,substantive-attachment,https://kjs.mof.gov.cn/zt/kjzzss/srzzzq/srzzyy/201812/t20181211_3088437.htm,https://kjs.mof.gov.cn/zt/kjzzss/srzzzq/srzzyy/201812/P020181211524395747613.pdf,raw/_archive/standards/accounting/application-case-attachments/004-P020181211524395747613.pdf,raw/standards/accounting/application-case-attachments/004-P020181211524395747613.pdf.md,0e904d74b4d3262c006c8642c581d64b2f69e048ba1b2a140ad587f5ffecb361,application/pdf,pymupdf,ok,archived,
3088438,收入准则应用案例——亏损合同案例,substantive-attachment,https://kjs.mof.gov.cn/zt/kjzzss/srzzzq/srzzyy/201812/t20181211_3088438.htm,https://kjs.mof.gov.cn/zt/kjzzss/srzzzq/srzzyy/201812/P020240401635602359694.pdf,raw/_archive/standards/accounting/application-case-attachments/005-P020240401635602359694.pdf,raw/standards/accounting/application-case-attachments/005-P020240401635602359694.pdf.md,3562bf185cb0534416cdc5a5c76eae2c585dd147722c34ccc419ca9f53bec3f7,application/pdf,pymupdf,ok,archived,
3551278,收入准则应用案例——定制软件开发服务的收入确认,substantive-attachment,https://kjs.mof.gov.cn/zt/kjzzss/srzzzq/srzzyy/202007/t20200717_3551278.htm,https://kjs.mof.gov.cn/zt/kjzzss/srzzzq/srzzyy/202007/P020200717333926647357.pdf,raw/_archive/standards/accounting/application-case-attachments/006-P020200717333926647357.pdf,raw/standards/accounting/application-case-attachments/006-P020200717333926647357.pdf.md,02ba1f94dc83531a543c0e1bbc500107e9246237983a8414295d97bb0db62e37,application/pdf,pymupdf,ok,archived,
3551279,收入准则应用案例——药品实验服务的收入确认,substantive-attachment,https://kjs.mof.gov.cn/zt/kjzzss/srzzzq/srzzyy/202007/t20200717_3551279.htm,https://kjs.mof.gov.cn/zt/kjzzss/srzzzq/srzzyy/202007/P020200717334522050658.pdf,raw/_archive/standards/accounting/application-case-attachments/007-P020200717334522050658.pdf,raw/standards/accounting/application-case-attachments/007-P020200717334522050658.pdf.md,9941d36b295903f4ede6b386236484d0064adb1dc1ef1fd7c96c4a259767979e,application/pdf,pymupdf,ok,archived,
3551280,收入准则应用案例——保荐服务的收入确认,substantive-attachment,https://kjs.mof.gov.cn/zt/kjzzss/srzzzq/srzzyy/202007/t20200717_3551280.htm,https://kjs.mof.gov.cn/zt/kjzzss/srzzzq/srzzyy/202007/P020200717334934650137.pdf,raw/_archive/standards/accounting/application-case-attachments/008-P020200717334934650137.pdf,raw/standards/accounting/application-case-attachments/008-P020200717334934650137.pdf.md,2c9cbe7fbcad01170ead874becde7bbb5bc1d096321d27f49b079c0f684b0bc8,application/pdf,pymupdf,ok,archived,
3634020,收入准则应用案例——主要责任人和代理人的判断,substantive-attachment,https://kjs.mof.gov.cn/zt/kjzzss/srzzzq/srzzyy/202012/t20201211_3634020.htm,https://kjs.mof.gov.cn/zt/kjzzss/srzzzq/srzzyy/202012/P020201211394278955107.pdf,raw/_archive/standards/accounting/application-case-attachments/009-P020201211394278955107.pdf,raw/standards/accounting/application-case-attachments/009-P020201211394278955107.pdf.md,090955b0fd7ef43221bf2f3dfb4f441e56fe4869fd99cdd8b0015aa4371c9fbf,application/pdf,pymupdf,ok,archived,
3634023,收入准则应用案例——基于客户销售额的可变对价,substantive-attachment,https://kjs.mof.gov.cn/zt/kjzzss/srzzzq/srzzyy/202012/t20201211_3634023.htm,https://kjs.mof.gov.cn/zt/kjzzss/srzzzq/srzzyy/202012/P020201211394584441231.pdf,raw/_archive/standards/accounting/application-case-attachments/011-P020201211394584441231.pdf,raw/standards/accounting/application-case-attachments/011-P020201211394584441231.pdf.md,a04f7f413f0f0053f7e0916ee43bb99626b4b66384b808fafc05862a3838376e,application/pdf,pymupdf,ok,archived,
3634022,收入准则应用案例——合同变更与可变对价的判断,substantive-attachment,https://kjs.mof.gov.cn/zt/kjzzss/srzzzq/srzzyy/202012/t20201211_3634022.htm,https://kjs.mof.gov.cn/zt/kjzzss/srzzzq/srzzyy/202012/P020201211508217975565.pdf,raw/_archive/standards/accounting/application-case-attachments/010-P020201211508217975565.pdf,raw/standards/accounting/application-case-attachments/010-P020201211508217975565.pdf.md,9f4ccbbf2d14219e65f478b84e293a5e956b8f3607b647070ee3a8b0f5a8741a,application/pdf,pymupdf,ok,archived,
3861817,收入准则应用案例——标准化软件产品的收入确认时点,substantive-attachment,https://kjs.mof.gov.cn/zt/kjzzss/srzzzq/srzzyy/202301/t20230103_3861817.htm,https://kjs.mof.gov.cn/zt/kjzzss/srzzzq/srzzyy/202301/P020230103520876378094.pdf,raw/_archive/standards/accounting/application-case-attachments/029-P020230103520876378094.pdf,raw/standards/accounting/application-case-attachments/029-P020230103520876378094.pdf.md,e7f26c2294b3c52982d30440207aa84d99286f97111d6905a57089f05096c103,application/pdf,pymupdf,ok,archived,
3914057,收入准则应用案例——预售商品房的收入确认,substantive-attachment,https://kjs.mof.gov.cn/zt/kjzzss/srzzzq/srzzyy/202310/t20231031_3914057.htm,https://kjs.mof.gov.cn/zt/kjzzss/srzzzq/srzzyy/202310/P020231031581964779044.pdf,raw/_archive/standards/accounting/application-case-attachments/034-P020231031581964779044.pdf,raw/standards/accounting/application-case-attachments/034-P020231031581964779044.pdf.md,162c71b4c002501091809fd045e199eb41d64e06f65a6a1f709492206c769a05,application/pdf,pymupdf,ok,archived,
3962197,收入准则应用案例——充（供）电业务的收入确认,substantive-attachment,https://kjs.mof.gov.cn/zt/kjzzss/srzzzq/srzzyy/202504/t20250417_3962197.htm,https://kjs.mof.gov.cn/zt/kjzzss/srzzzq/srzzyy/202504/P020250417571764850748.pdf,raw/_archive/standards/accounting/application-case-attachments/037-P020250417571764850748.pdf,raw/standards/accounting/application-case-attachments/037-P020250417571764850748.pdf.md,881154d2e185b53162bb4587a0dba657d41971af8ec1d75acae3923721d0ed66,application/pdf,pymupdf,ok,archived,
3717396,新冠肺炎疫情相关租金减让会计处理应用案例——租赁准则（财会〔2006〕3号）（融资租赁）,substantive-attachment,https://kjs.mof.gov.cn/zt/kjzzss/srzzzq/zlzzyyal/202106/t20210610_3717396.htm,https://kjs.mof.gov.cn/zt/kjzzss/srzzzq/zlzzyyal/202106/P020210610319603402537.pdf,raw/_archive/standards/accounting/application-case-attachments/018-P020210610319603402537.pdf,raw/standards/accounting/application-case-attachments/018-P020210610319603402537.pdf.md,011a77eecfed7b4171dbbdb92dc0c3440747fda609756e0a31c3f6ee4a67e5b3,application/pdf,pymupdf,ok,archived,
3717398,新冠肺炎疫情相关租金减让会计处理应用案例——租赁准则（财会〔2006〕3号）（经营租赁）,substantive-attachment,https://kjs.mof.gov.cn/zt/kjzzss/srzzzq/zlzzyyal/202106/t20210610_3717398.htm,https://kjs.mof.gov.cn/zt/kjzzss/srzzzq/zlzzyyal/202106/P020210610320275018761.pdf,raw/_archive/standards/accounting/application-case-attachments/019-P020210610320275018761.pdf,raw/standards/accounting/application-case-attachments/019-P020210610320275018761.pdf.md,e8349722ddae163f6cf12ce2f226f08e5facd517c021faf79c336daebe52672f,application/pdf,pymupdf,ok,archived,
3717388,新冠肺炎疫情相关租金减让会计处理应用案例——租赁准则（财会〔2018〕35号）,substantive-attachment,https://kjs.mof.gov.cn/zt/kjzzss/srzzzq/zlzzyyal/202106/t20210610_3717388.htm,https://kjs.mof.gov.cn/zt/kjzzss/srzzzq/zlzzyyal/202106/P020210615366657285815.pdf,raw/_archive/standards/accounting/application-case-attachments/017-P020210615366657285815.pdf,raw/standards/accounting/application-case-attachments/017-P020210615366657285815.pdf.md,c7756f665a5c73f16267043fb0227e9aff950c2cccb74b8a10827c27aeacce90,application/pdf,pymupdf,ok,archived,
3920279,租赁准则应用案例——卖方兼承租人对包含非取决于指数或比率的可变租赁付款额的售后租回...,substantive-attachment,https://kjs.mof.gov.cn/zt/kjzzss/srzzzq/zlzzyyal/202312/t20231207_3920279.htm,https://kjs.mof.gov.cn/zt/kjzzss/srzzzq/zlzzyyal/202312/P020231207298200718851.pdf,raw/_archive/standards/accounting/application-case-attachments/035-P020231207298200718851.pdf,raw/standards/accounting/application-case-attachments/035-P020231207298200718851.pdf.md,d014c791b27bf58eabeaf4ce7fd3e531713982cd6ddefe705bbaf3571b6ba11f,application/pdf,pymupdf,ok,archived,
,1．《中国注册会计师鉴证业务基本准则》应用指南,substantive-attachment,,https://www.cicpa.org.cn/xxfb/tzgg/202201/W020220120408257392816.pdf,raw/_archive/standards/audit/pdfs/001-1．-中国注册会计师鉴证业务基本准则-应用指南.pdf,raw/standards/audit/pdfs/001-1．-中国注册会计师鉴证业务基本准则-应用指南.pdf.md,a6edd9f14130015803dea56dfcee564f6adfc2fb74766c768fe9dd862a816c8a,application/pdf,existing-sidecar,ok,archived,CICPA direct-PDF CSV mapping
,2．《中国注册会计师审计准则第1101号——注册会计师的总体目标和审计工作的基本要求》应用指南,substantive-attachment,,https://www.cicpa.org.cn/xxfb/tzgg/202201/W020220120408257439069.pdf,raw/_archive/standards/audit/pdfs/002-2．-中国注册会计师审计准则第1101号-注册会计师的总体目标和审计工作的基本要求-应用指南.pdf,raw/standards/audit/pdfs/002-2．-中国注册会计师审计准则第1101号-注册会计师的总体目标和审计工作的基本要求-应用指南.pdf.md,ce6d853f5fab95e598408b00f1b4db2fc18b107e5c18ef3373851b7846832c15,application/pdf,existing-sidecar,ok,archived,CICPA direct-PDF CSV mapping
,3．《中国注册会计师审计准则第1111号——就审计业务约定条款达成一致意见》应用指南,substantive-attachment,,https://www.cicpa.org.cn/xxfb/tzgg/202201/W020220120408257440918.pdf,raw/_archive/standards/audit/pdfs/003-3．-中国注册会计师审计准则第1111号-就审计业务约定条款达成一致意见-应用指南.pdf,raw/standards/audit/pdfs/003-3．-中国注册会计师审计准则第1111号-就审计业务约定条款达成一致意见-应用指南.pdf.md,398d211341c155ca38a3ae6465cf148ee1af10310bf1efe2c4ab38097ecf4ff4,application/pdf,existing-sidecar,ok,archived,CICPA direct-PDF CSV mapping
,4.《中国注册会计师审计准则第1131号——审计工作底稿》应用指南,substantive-attachment,,https://www.cicpa.org.cn/xxfb/tzgg/202201/W020220120408257468010.pdf,raw/_archive/standards/audit/pdfs/004-4.-中国注册会计师审计准则第1131号-审计工作底稿-应用指南.pdf,raw/standards/audit/pdfs/004-4.-中国注册会计师审计准则第1131号-审计工作底稿-应用指南.pdf.md,34e549747ad0e81c6ca1e48a0398341aea07c86936004e0ec07ca640d737d935,application/pdf,existing-sidecar,ok,archived,CICPA direct-PDF CSV mapping
,5.《中国注册会计师审计准则第1142号——财务报表审计中对法律法规的考虑》应用指南,substantive-attachment,,https://www.cicpa.org.cn/xxfb/tzgg/202201/W020220120408257484865.pdf,raw/_archive/standards/audit/pdfs/005-5.-中国注册会计师审计准则第1142号-财务报表审计中对法律法规的考虑-应用指南.pdf,raw/standards/audit/pdfs/005-5.-中国注册会计师审计准则第1142号-财务报表审计中对法律法规的考虑-应用指南.pdf.md,8c2c7ff05a0d47197e530b97b72a2544d67cdbc3f13a51e9ab4dbdf7fc5f3ff3,application/pdf,existing-sidecar,ok,archived,CICPA direct-PDF CSV mapping
,6.《中国注册会计师审计准则第1151号——与治理层的沟通》应用指南,substantive-attachment,,https://www.cicpa.org.cn/xxfb/tzgg/202201/W020220120408257493271.pdf,raw/_archive/standards/audit/pdfs/006-6.-中国注册会计师审计准则第1151号-与治理层的沟通-应用指南.pdf,raw/standards/audit/pdfs/006-6.-中国注册会计师审计准则第1151号-与治理层的沟通-应用指南.pdf.md,62360c1197e50986aed444ff4d04d20ea1581df26beaec2d8e7e151ad1420665,application/pdf,existing-sidecar,ok,archived,CICPA direct-PDF CSV mapping
,7.《中国注册会计师审计准则第1201号——计划审计工作》应用指南,substantive-attachment,,https://www.cicpa.org.cn/xxfb/tzgg/202201/W020220120408257500998.pdf,raw/_archive/standards/audit/pdfs/007-7.-中国注册会计师审计准则第1201号-计划审计工作-应用指南.pdf,raw/standards/audit/pdfs/007-7.-中国注册会计师审计准则第1201号-计划审计工作-应用指南.pdf.md,4ab8270ef5043061de7b9ecbcab7e4342ebb9e064bf59d708c20b4f955f70520,application/pdf,existing-sidecar,ok,archived,CICPA direct-PDF CSV mapping
,8.《中国注册会计师审计准则第1211号——通过了解被审计单位及其环境识别和评估重大错报风险》应用指南,substantive-attachment,,https://www.cicpa.org.cn/xxfb/tzgg/202201/W020220120408257526416.pdf,raw/_archive/standards/audit/pdfs/008-8.-中国注册会计师审计准则第1211号-通过了解被审计单位及其环境识别和评估重大错报风险-应用指南.pdf,raw/standards/audit/pdfs/008-8.-中国注册会计师审计准则第1211号-通过了解被审计单位及其环境识别和评估重大错报风险-应用指南.pdf.md,8917712c99049e8a994b64ecf72850abf2107276df9b96b24ad588c552559dab,application/pdf,existing-sidecar,ok,archived,CICPA direct-PDF CSV mapping
,9.《中国注册会计师审计准则第1301号——审计证据》应用指南,substantive-attachment,,https://www.cicpa.org.cn/xxfb/tzgg/202201/W020220120408257541697.pdf,raw/_archive/standards/audit/pdfs/009-9.-中国注册会计师审计准则第1301号-审计证据-应用指南.pdf,raw/standards/audit/pdfs/009-9.-中国注册会计师审计准则第1301号-审计证据-应用指南.pdf.md,9e70e40c55ac46885059a6fd4edec5357be3f19df0610407c16940455056efcd,application/pdf,existing-sidecar,ok,archived,CICPA direct-PDF CSV mapping
,10.《中国注册会计师审计准则第1321号——审计会计估计（包括公允价值会计估计）和相关披露》应用指南,substantive-attachment,,https://www.cicpa.org.cn/xxfb/tzgg/202201/W020220120408257545194.pdf,raw/_archive/standards/audit/pdfs/010-10.-中国注册会计师审计准则第1321号-审计会计估计-包括公允价值会计估计-和相关披露-应用指南.pdf,raw/standards/audit/pdfs/010-10.-中国注册会计师审计准则第1321号-审计会计估计-包括公允价值会计估计-和相关披露-应用指南.pdf.md,97323cb5886c4050907245725f78c771340520944759c48563a90c98eab44555,application/pdf,existing-sidecar,ok,archived,CICPA direct-PDF CSV mapping
,11.《中国注册会计师审计准则第1411号——利用内部审计人员的工作》应用指南,substantive-attachment,,https://www.cicpa.org.cn/xxfb/tzgg/202201/W020220120408257555825.pdf,raw/_archive/standards/audit/pdfs/011-11.-中国注册会计师审计准则第1411号-利用内部审计人员的工作-应用指南.pdf,raw/standards/audit/pdfs/011-11.-中国注册会计师审计准则第1411号-利用内部审计人员的工作-应用指南.pdf.md,4cb0d8bddf076c7df81f0d8ffa77c0003186bf9c1aade189c974641c8fd70b9c,application/pdf,existing-sidecar,ok,archived,CICPA direct-PDF CSV mapping
,12.《中国注册会计师审计准则第1421号——利用专家的工作》应用指南,substantive-attachment,,https://www.cicpa.org.cn/xxfb/tzgg/202201/W020220120408257560388.pdf,raw/_archive/standards/audit/pdfs/012-12.-中国注册会计师审计准则第1421号-利用专家的工作-应用指南.pdf,raw/standards/audit/pdfs/012-12.-中国注册会计师审计准则第1421号-利用专家的工作-应用指南.pdf.md,6bbd3b45be3c45ca3ca6729230ec5f76c4f3511a1a65d358f834100d53eb8dd7,application/pdf,existing-sidecar,ok,archived,CICPA direct-PDF CSV mapping
,13.《中国注册会计师审计准则第1501号——对财务报表形成审计意见和出具审计报告》应用指南,substantive-attachment,,https://www.cicpa.org.cn/xxfb/tzgg/202201/W020220120408257578797.pdf,raw/_archive/standards/audit/pdfs/013-13.-中国注册会计师审计准则第1501号-对财务报表形成审计意见和出具审计报告-应用指南.pdf,raw/standards/audit/pdfs/013-13.-中国注册会计师审计准则第1501号-对财务报表形成审计意见和出具审计报告-应用指南.pdf.md,50ef5eddca94eb26af407ddc53dadc00214cdc025f4da63a9f73f27b5837e635,application/pdf,existing-sidecar,ok,archived,CICPA direct-PDF CSV mapping
,14.《中国注册会计师审计准则第1504号——在审计报告中沟通关键审计事项》应用指南,substantive-attachment,,https://www.cicpa.org.cn/xxfb/tzgg/202201/W020220120408257586524.pdf,raw/_archive/standards/audit/pdfs/014-14.-中国注册会计师审计准则第1504号-在审计报告中沟通关键审计事项-应用指南.pdf,raw/standards/audit/pdfs/014-14.-中国注册会计师审计准则第1504号-在审计报告中沟通关键审计事项-应用指南.pdf.md,846e25cf4472c417f86ecb7a3db0027ca0761d50a6b798ff86d8c8352172656b,application/pdf,existing-sidecar,ok,archived,CICPA direct-PDF CSV mapping
,15.《中国注册会计师审计准则第1521号——注册会计师对其他信息的责任》应用指南,substantive-attachment,,https://www.cicpa.org.cn/xxfb/tzgg/202201/W020220120408257590238.pdf,raw/_archive/standards/audit/pdfs/015-15.-中国注册会计师审计准则第1521号-注册会计师对其他信息的责任-应用指南.pdf,raw/standards/audit/pdfs/015-15.-中国注册会计师审计准则第1521号-注册会计师对其他信息的责任-应用指南.pdf.md,7870b8030e405e56bec9e24575891b186e522d22821f3a35674e7342172e3c87,application/pdf,existing-sidecar,ok,archived,CICPA direct-PDF CSV mapping
,1.中国注册会计师鉴证业务基本准则,substantive-attachment,,https://www.cicpa.org.cn/xxfb/tzgg/202201/W020220120411482600028.pdf,raw/_archive/standards/audit/pdfs/016-1.中国注册会计师鉴证业务基本准则.pdf,raw/standards/audit/pdfs/016-1.中国注册会计师鉴证业务基本准则.pdf.md,87dec872e038593f10571faa5b1fa56ce1c61d1897c2f7d24b9d1100d4b34494,application/pdf,existing-sidecar,ok,archived,CICPA direct-PDF CSV mapping
,2.中国注册会计师审计准则第1101号——注册会计师的总体目标和审计工作的基本要求,substantive-attachment,,https://www.cicpa.org.cn/xxfb/tzgg/202201/W020220120411482623217.pdf,raw/_archive/standards/audit/pdfs/017-2.中国注册会计师审计准则第1101号-注册会计师的总体目标和审计工作的基本要求.pdf,raw/standards/audit/pdfs/017-2.中国注册会计师审计准则第1101号-注册会计师的总体目标和审计工作的基本要求.pdf.md,9a583f88334ed36a8f96e8b46f6da1bebbbe150d596e3cbda2e296ac76f20ed4,application/pdf,existing-sidecar,ok,archived,CICPA direct-PDF CSV mapping
,3.中国注册会计师审计准则第1111号——就审计业务约定条款达成一致意见,substantive-attachment,,https://www.cicpa.org.cn/xxfb/tzgg/202201/W020220120411482630684.pdf,raw/_archive/standards/audit/pdfs/018-3.中国注册会计师审计准则第1111号-就审计业务约定条款达成一致意见.pdf,raw/standards/audit/pdfs/018-3.中国注册会计师审计准则第1111号-就审计业务约定条款达成一致意见.pdf.md,fef0fcf2ac4754d99c54dc33e371c82f413ba2fc11994fe1cbca1aa7886648e0,application/pdf,existing-sidecar,ok,archived,CICPA direct-PDF CSV mapping
,4.中国注册会计师审计准则第1131号——审计工作底稿,substantive-attachment,,https://www.cicpa.org.cn/xxfb/tzgg/202201/W020220120411482658012.pdf,raw/_archive/standards/audit/pdfs/019-4.中国注册会计师审计准则第1131号-审计工作底稿.pdf,raw/standards/audit/pdfs/019-4.中国注册会计师审计准则第1131号-审计工作底稿.pdf.md,1a54c765c79ecf0df0f20ae6fbac4366c73823dc603a63bd7be0a9fdced390c8,application/pdf,existing-sidecar,ok,archived,CICPA direct-PDF CSV mapping
,5.中国注册会计师审计准则第1151号——与治理层的沟通,substantive-attachment,,https://www.cicpa.org.cn/xxfb/tzgg/202201/W020220120411482668289.pdf,raw/_archive/standards/audit/pdfs/020-5.中国注册会计师审计准则第1151号-与治理层的沟通.pdf,raw/standards/audit/pdfs/020-5.中国注册会计师审计准则第1151号-与治理层的沟通.pdf.md,3aa61809df2d7a98a53692a01a969e6cf1dedef14f0bc594c823f84c94ace8f5,application/pdf,existing-sidecar,ok,archived,CICPA direct-PDF CSV mapping
,6.中国注册会计师审计准则第1201号——计划审计工作,substantive-attachment,,https://www.cicpa.org.cn/xxfb/tzgg/202201/W020220120411482670248.pdf,raw/_archive/standards/audit/pdfs/021-6.中国注册会计师审计准则第1201号-计划审计工作.pdf,raw/standards/audit/pdfs/021-6.中国注册会计师审计准则第1201号-计划审计工作.pdf.md,a573bdfe7940a2f444acfbf944d808f9bb650f4faf19bf0e074bff423fe6ea6b,application/pdf,existing-sidecar,ok,archived,CICPA direct-PDF CSV mapping
,7.中国注册会计师审计准则第1401号——对集团财务报表审计的特殊考虑,substantive-attachment,,https://www.cicpa.org.cn/xxfb/tzgg/202201/W020220120411482683551.pdf,raw/_archive/standards/audit/pdfs/022-7.中国注册会计师审计准则第1401号-对集团财务报表审计的特殊考虑.pdf,raw/standards/audit/pdfs/022-7.中国注册会计师审计准则第1401号-对集团财务报表审计的特殊考虑.pdf.md,4fc5eec430256f2e177152a20403005d1bb7598914c17ddc04328522a707df23,application/pdf,existing-sidecar,ok,archived,CICPA direct-PDF CSV mapping
,8.中国注册会计师审计准则第1411号——利用内部审计人员的工作,substantive-attachment,,https://www.cicpa.org.cn/xxfb/tzgg/202201/W020220120411482698102.pdf,raw/_archive/standards/audit/pdfs/023-8.中国注册会计师审计准则第1411号-利用内部审计人员的工作.pdf,raw/standards/audit/pdfs/023-8.中国注册会计师审计准则第1411号-利用内部审计人员的工作.pdf.md,9da8949086a1d8a595aca5571303ec20c4b032bfc77ce8d9433894fce22068c0,application/pdf,existing-sidecar,ok,archived,CICPA direct-PDF CSV mapping
,9.中国注册会计师审计准则第1421号——利用专家的工作,substantive-attachment,,https://www.cicpa.org.cn/xxfb/tzgg/202201/W020220120411482700622.pdf,raw/_archive/standards/audit/pdfs/024-9.中国注册会计师审计准则第1421号-利用专家的工作.pdf,raw/standards/audit/pdfs/024-9.中国注册会计师审计准则第1421号-利用专家的工作.pdf.md,5052c062c75b85df5a87b14c66e09cb79ac4833864f4a8be438752551ed23571,application/pdf,existing-sidecar,ok,archived,CICPA direct-PDF CSV mapping
,10.中国注册会计师审计准则第1501号——对财务报表形成审计意见和出具审计报告,substantive-attachment,,https://www.cicpa.org.cn/xxfb/tzgg/202201/W020220120411482710586.pdf,raw/_archive/standards/audit/pdfs/025-10.中国注册会计师审计准则第1501号-对财务报表形成审计意见和出具审计报告.pdf,raw/standards/audit/pdfs/025-10.中国注册会计师审计准则第1501号-对财务报表形成审计意见和出具审计报告.pdf.md,1a1ece27742c820e78f80393726509a8022c3c66df0006d97336d43aeeecd39f,application/pdf,existing-sidecar,ok,archived,CICPA direct-PDF CSV mapping
,11.中国注册会计师审计准则第1503号——在审计报告中增加强调事项段和其他事项段,substantive-attachment,,https://www.cicpa.org.cn/xxfb/tzgg/202201/W020220120411482721354.pdf,raw/_archive/standards/audit/pdfs/026-11.中国注册会计师审计准则第1503号-在审计报告中增加强调事项段和其他事项段.pdf,raw/standards/audit/pdfs/026-11.中国注册会计师审计准则第1503号-在审计报告中增加强调事项段和其他事项段.pdf.md,87e5e11988f4b41cf15dabf31d50de0d991d3df69956114da27a1e5376b70e5d,application/pdf,existing-sidecar,ok,archived,CICPA direct-PDF CSV mapping
,1.中国注册会计师审计准则第1211号——重大错报风险的识别和评估,substantive-attachment,,https://www.cicpa.org.cn/xxfb/tzgg/202301/W020230103596931322361.pdf,raw/_archive/standards/audit/pdfs/027-1.中国注册会计师审计准则第1211号-重大错报风险的识别和评估.pdf,raw/standards/audit/pdfs/027-1.中国注册会计师审计准则第1211号-重大错报风险的识别和评估.pdf.md,6c92876d1c8cd4f6fb01a80afe97529817d64298d7bfbbba66b4123d0477b391,application/pdf,existing-sidecar,ok,archived,CICPA direct-PDF CSV mapping
,2.中国注册会计师审计准则第1321号——会计估计和相关披露的审计,substantive-attachment,,https://www.cicpa.org.cn/xxfb/tzgg/202301/W020230103596931351468.pdf,raw/_archive/standards/audit/pdfs/028-2.中国注册会计师审计准则第1321号-会计估计和相关披露的审计.pdf,raw/standards/audit/pdfs/028-2.中国注册会计师审计准则第1321号-会计估计和相关披露的审计.pdf.md,edb020af0420f1b470a9d200e9c586c51001818f66d2390ab7dacfd993430f68,application/pdf,existing-sidecar,ok,archived,CICPA direct-PDF CSV mapping
63902,中国注册会计师审计准则第1101号等23项准则,substantive-attachment,https://www.cicpa.org.cn/xxfb/tzgg/202301/t20230103_63902.html,https://www.cicpa.org.cn/xxfb/tzgg/202301/W020231121556491370245.zip,raw/standards/audit/archives/2023-23-audit-standards.zip,raw/standards/audit/archives/2023-23-audit-standards,826b55cedaf1cc83d090a0c9d62866f42cf543ff98904cf5844a26e0dcf78ebb,application/zip,zipfile,ok,archived,Aggregate ZIP retained and expanded to 23 files
,1.,substantive-attachment,,https://www.cicpa.org.cn/xxfb/tzgg/202304/W020230410260829751229.pdf,raw/_archive/standards/audit/pdfs/029-1..pdf,raw/standards/audit/pdfs/029-1..pdf.md,abf16f2dd012c2cb90b0df22534fc39f56f6b818332d9ff93afff373324e3b17,application/pdf,existing-sidecar,ok,archived,CICPA direct-PDF CSV mapping
,2.,substantive-attachment,,https://www.cicpa.org.cn/xxfb/tzgg/202304/W020230410260829761978.pdf,raw/_archive/standards/audit/pdfs/030-2..pdf,raw/standards/audit/pdfs/030-2..pdf.md,2974f9a93123e078924da6dfb199a47823c717beb3be71efeb515fedc6801e5d,application/pdf,existing-sidecar,ok,archived,CICPA direct-PDF CSV mapping
,3.,substantive-attachment,,https://www.cicpa.org.cn/xxfb/tzgg/202304/W020230410260829795889.pdf,raw/_archive/standards/audit/pdfs/031-3..pdf,raw/standards/audit/pdfs/031-3..pdf.md,7da15fa46f2504c1386830f770d17810c113628843e1e0dcd493a88e829a743e,application/pdf,existing-sidecar,ok,archived,CICPA direct-PDF CSV mapping
,5.,substantive-attachment,,https://www.cicpa.org.cn/xxfb/tzgg/202304/W020230410260829810662.pdf,raw/_archive/standards/audit/pdfs/032-5..pdf,raw/standards/audit/pdfs/032-5..pdf.md,2867462b620fb1ae3f1306e13444016fa284e1e29244b7667dc7890abbb39c1c,application/pdf,existing-sidecar,ok,archived,CICPA direct-PDF CSV mapping
,《中国注册会计师审计准则第1131号——审计工作底稿》应用指南,substantive-attachment,,https://www.cicpa.org.cn/xxfb/tzgg/202304/W020230410260829814511.pdf,raw/_archive/standards/audit/pdfs/033-中国注册会计师审计准则第1131号-审计工作底稿-应用指南.pdf,raw/standards/audit/pdfs/033-中国注册会计师审计准则第1131号-审计工作底稿-应用指南.pdf.md,8dcbe431f2e3c66edbb7b227e8887e6b9cf54130edca6d983bd10d956be16046,application/pdf,existing-sidecar,ok,archived,CICPA direct-PDF CSV mapping
,6.,substantive-attachment,,https://www.cicpa.org.cn/xxfb/tzgg/202304/W020230410260829831391.pdf,raw/_archive/standards/audit/pdfs/034-6..pdf,raw/standards/audit/pdfs/034-6..pdf.md,2d5726b6cc2393b08220ce5d8c194fa859c526bbd6d0ad0cd67c5136f7c68661,application/pdf,existing-sidecar,ok,archived,CICPA direct-PDF CSV mapping
,《中国注册会计师审计准则第1151号——与治理层的沟通》应用指南,substantive-attachment,,https://www.cicpa.org.cn/xxfb/tzgg/202304/W020230410260829843768.pdf,raw/_archive/standards/audit/pdfs/035-中国注册会计师审计准则第1151号-与治理层的沟通-应用指南.pdf,raw/standards/audit/pdfs/035-中国注册会计师审计准则第1151号-与治理层的沟通-应用指南.pdf.md,aa4515859225fb1c2ad6c38c1c656cb43e44e058a30dfb044fd571ffe7f499b1,application/pdf,existing-sidecar,ok,archived,CICPA direct-PDF CSV mapping
,8.,substantive-attachment,,https://www.cicpa.org.cn/xxfb/tzgg/202304/W020230410260829855413.pdf,raw/_archive/standards/audit/pdfs/036-8..pdf,raw/standards/audit/pdfs/036-8..pdf.md,e55a2ac3e3951cc743304164c880e100a1d7d02ba13513b8ece5d2efbc48596b,application/pdf,existing-sidecar,ok,archived,CICPA direct-PDF CSV mapping
,《中国注册会计师审计准则第1201号——计划审计工作》应用指南,substantive-attachment,,https://www.cicpa.org.cn/xxfb/tzgg/202304/W020230410260829856643.pdf,raw/_archive/standards/audit/pdfs/037-中国注册会计师审计准则第1201号-计划审计工作-应用指南.pdf,raw/standards/audit/pdfs/037-中国注册会计师审计准则第1201号-计划审计工作-应用指南.pdf.md,2e42801bf932a40bdbc60ce4f7dbdbaa4dbf55090b97170300dd52491ecbaa55,application/pdf,existing-sidecar,ok,archived,CICPA direct-PDF CSV mapping
,10.,substantive-attachment,,https://www.cicpa.org.cn/xxfb/tzgg/202304/W020230410260829863868.pdf,raw/_archive/standards/audit/pdfs/038-10..pdf,raw/standards/audit/pdfs/038-10..pdf.md,e6eb643df16aff5973959398aa5c773adc1ccdc1331ae7d5f18a1b6f0d143404,application/pdf,existing-sidecar,ok,archived,CICPA direct-PDF CSV mapping
,《中国注册会计师审计准则第1241号——对被审计单位使用服务机构的考虑》 应用指南,substantive-attachment,,https://www.cicpa.org.cn/xxfb/tzgg/202304/W020230410260829879332.pdf,raw/_archive/standards/audit/pdfs/039-中国注册会计师审计准则第1241号-对被审计单位使用服务机构的考虑-应用指南.pdf,raw/standards/audit/pdfs/039-中国注册会计师审计准则第1241号-对被审计单位使用服务机构的考虑-应用指南.pdf.md,5117f65521272b5a1d84b6f771f77e79274ac7d9a437dd95e20fb42119095aa6,application/pdf,existing-sidecar,ok,archived,CICPA direct-PDF CSV mapping
,《中国注册会计师审计准则第1251号——评价审计过程中识别出的错报》应用指南,substantive-attachment,,https://www.cicpa.org.cn/xxfb/tzgg/202304/W020230410260829885045.pdf,raw/_archive/standards/audit/pdfs/040-中国注册会计师审计准则第1251号-评价审计过程中识别出的错报-应用指南.pdf,raw/standards/audit/pdfs/040-中国注册会计师审计准则第1251号-评价审计过程中识别出的错报-应用指南.pdf.md,df6e2a252ebf62806b3f168322fb3bd51cee50125a76982f63fce81901855a09,application/pdf,existing-sidecar,ok,archived,CICPA direct-PDF CSV mapping
,13.,substantive-attachment,,https://www.cicpa.org.cn/xxfb/tzgg/202304/W020230410260829897530.pdf,raw/_archive/standards/audit/pdfs/041-13..pdf,raw/standards/audit/pdfs/041-13..pdf.md,fb7fbb43798704f7cc0499d2fdc1b0463f5351b994a9e35ac695bc72c2973ae8,application/pdf,existing-sidecar,ok,archived,CICPA direct-PDF CSV mapping
,《中国注册会计师审计准则第1311号——对存货、诉讼和索赔、分部信息等特定项目获取审计证据的具体考虑》应用指南,substantive-attachment,,https://www.cicpa.org.cn/xxfb/tzgg/202304/W020230410260829902598.pdf,raw/_archive/standards/audit/pdfs/042-中国注册会计师审计准则第1311号-对存货-诉讼和索赔-分部信息等特定项目获取审计证据的具体考虑-应用指南.pdf,raw/standards/audit/pdfs/042-中国注册会计师审计准则第1311号-对存货-诉讼和索赔-分部信息等特定项目获取审计证据的具体考虑-应用指南.pdf.md,e96aba146af766fcc1059e8b9f94d39c4e9a3d70d16f969692176376f290dc28,application/pdf,existing-sidecar,ok,archived,CICPA direct-PDF CSV mapping
,《中国注册会计师审计准则第1313号——分析程序》应用指南,substantive-attachment,,https://www.cicpa.org.cn/xxfb/tzgg/202304/W020230410260829914094.pdf,raw/_archive/standards/audit/pdfs/043-中国注册会计师审计准则第1313号-分析程序-应用指南.pdf,raw/standards/audit/pdfs/043-中国注册会计师审计准则第1313号-分析程序-应用指南.pdf.md,4db6788404f5768b3d080167f44a0d07bb388f4121a482f025502be595e0e4be,application/pdf,existing-sidecar,ok,archived,CICPA direct-PDF CSV mapping
,《中国注册会计师审计准则第1312号——函证》应用指南,substantive-attachment,,https://www.cicpa.org.cn/xxfb/tzgg/202304/W020230410260829914284.pdf,raw/_archive/standards/audit/pdfs/044-中国注册会计师审计准则第1312号-函证-应用指南.pdf,raw/standards/audit/pdfs/044-中国注册会计师审计准则第1312号-函证-应用指南.pdf.md,342dd1ebb5dff4a394601a5dc83b9790a92dff0c17875d2604de2613750dbf19,application/pdf,existing-sidecar,ok,archived,CICPA direct-PDF CSV mapping
,《中国注册会计师审计准则第1314号——审计抽样》应用指南,substantive-attachment,,https://www.cicpa.org.cn/xxfb/tzgg/202304/W020230410260829928436.pdf,raw/_archive/standards/audit/pdfs/045-中国注册会计师审计准则第1314号-审计抽样-应用指南.pdf,raw/standards/audit/pdfs/045-中国注册会计师审计准则第1314号-审计抽样-应用指南.pdf.md,105776a55d3ff98765d35af1e7c7b0dfefaa879101e8dc1f26eafbe0d97535fa,application/pdf,existing-sidecar,ok,archived,CICPA direct-PDF CSV mapping
,《中国注册会计师审计准则第1323号——关联方》应用指南,substantive-attachment,,https://www.cicpa.org.cn/xxfb/tzgg/202304/W020230410260829939171.pdf,raw/_archive/standards/audit/pdfs/046-中国注册会计师审计准则第1323号-关联方-应用指南.pdf,raw/standards/audit/pdfs/046-中国注册会计师审计准则第1323号-关联方-应用指南.pdf.md,270953f41a61f55c0f2bf9651f29681cc8c558f46c15856cf74e16a3c78cd12b,application/pdf,existing-sidecar,ok,archived,CICPA direct-PDF CSV mapping
,19.,substantive-attachment,,https://www.cicpa.org.cn/xxfb/tzgg/202304/W020230410260829949768.pdf,raw/_archive/standards/audit/pdfs/047-19..pdf,raw/standards/audit/pdfs/047-19..pdf.md,c3ed36681b79da92abbd8c588c5f262230a814218df08a426fa544e03698e812,application/pdf,existing-sidecar,ok,archived,CICPA direct-PDF CSV mapping
,20.,substantive-attachment,,https://www.cicpa.org.cn/xxfb/tzgg/202304/W020230410260829958530.pdf,raw/_archive/standards/audit/pdfs/048-20..pdf,raw/standards/audit/pdfs/048-20..pdf.md,66b770b335ceea64833a331ae103ce6f17d6170539a8b35f2b0b047d1a39309a,application/pdf,existing-sidecar,ok,archived,CICPA direct-PDF CSV mapping
,21.,substantive-attachment,,https://www.cicpa.org.cn/xxfb/tzgg/202304/W020230410260829966698.pdf,raw/_archive/standards/audit/pdfs/049-21..pdf,raw/standards/audit/pdfs/049-21..pdf.md,28278eb148af420a5b5bbb68f2eb97272ffcb284cbc9a9336cacfd46af8d2fe2,application/pdf,existing-sidecar,ok,archived,CICPA direct-PDF CSV mapping
,《中国注册会计师审计准则第1411号——利用内部审计人员的工作》应用指南,substantive-attachment,,https://www.cicpa.org.cn/xxfb/tzgg/202304/W020230410260829975037.pdf,raw/_archive/standards/audit/pdfs/050-中国注册会计师审计准则第1411号-利用内部审计人员的工作-应用指南.pdf,raw/standards/audit/pdfs/050-中国注册会计师审计准则第1411号-利用内部审计人员的工作-应用指南.pdf.md,d48fc528880156d1281cc3b165d51e715d4bc688b37790ee3cf1592115f1dc28,application/pdf,existing-sidecar,ok,archived,CICPA direct-PDF CSV mapping
,《中国注册会计师审计准则第1421号——利用专家的工作》应用指南,substantive-attachment,,https://www.cicpa.org.cn/xxfb/tzgg/202304/W020230410260829987808.pdf,raw/_archive/standards/audit/pdfs/051-中国注册会计师审计准则第1421号-利用专家的工作-应用指南.pdf,raw/standards/audit/pdfs/051-中国注册会计师审计准则第1421号-利用专家的工作-应用指南.pdf.md,ae14b7cc739156a7138ce6875d151681cf1b3d891b058e24347f1c05977e6f85,application/pdf,existing-sidecar,ok,archived,CICPA direct-PDF CSV mapping
,24.,substantive-attachment,,https://www.cicpa.org.cn/xxfb/tzgg/202304/W020230410260829998950.pdf,raw/_archive/standards/audit/pdfs/052-24..pdf,raw/standards/audit/pdfs/052-24..pdf.md,3e59dda01b43ecc2d7b8de337602a492485782757d1677e6653119ffcf37d88a,application/pdf,existing-sidecar,ok,archived,CICPA direct-PDF CSV mapping
,《中国注册会计师审计准则第1504号——在审计报告中沟通关键审计事项》应用指南,substantive-attachment,,https://www.cicpa.org.cn/xxfb/tzgg/202304/W020230410260830000588.pdf,raw/_archive/standards/audit/pdfs/053-中国注册会计师审计准则第1504号-在审计报告中沟通关键审计事项-应用指南.pdf,raw/standards/audit/pdfs/053-中国注册会计师审计准则第1504号-在审计报告中沟通关键审计事项-应用指南.pdf.md,2e53ff1b2434748144f7a1cc8ebd1d14fc61feca3caf10e5ad2deb37e6ea3d55,application/pdf,existing-sidecar,ok,archived,CICPA direct-PDF CSV mapping
,《中国注册会计师审计准则第1521号——注册会计师对其他信息的责任》应用指南,substantive-attachment,,https://www.cicpa.org.cn/xxfb/tzgg/202304/W020230410260830018705.pdf,raw/_archive/standards/audit/pdfs/054-中国注册会计师审计准则第1521号-注册会计师对其他信息的责任-应用指南.pdf,raw/standards/audit/pdfs/054-中国注册会计师审计准则第1521号-注册会计师对其他信息的责任-应用指南.pdf.md,06cdc8f40323f74a2d7db55d73d8cedf2093cf15dba2eb65a6006bdc6f5c941e,application/pdf,existing-sidecar,ok,archived,CICPA direct-PDF CSV mapping
,28.,substantive-attachment,,https://www.cicpa.org.cn/xxfb/tzgg/202304/W020230410260830058574.pdf,raw/_archive/standards/audit/pdfs/055-28..pdf,raw/standards/audit/pdfs/055-28..pdf.md,665877b4701e97c18f91c42309811bf2b0267769cacbcff953b50afde9a82ea0,application/pdf,existing-sidecar,ok,archived,CICPA direct-PDF CSV mapping
,29.,substantive-attachment,,https://www.cicpa.org.cn/xxfb/tzgg/202304/W020230410260830069330.pdf,raw/_archive/standards/audit/pdfs/056-29..pdf,raw/standards/audit/pdfs/056-29..pdf.md,806617e8baf39685c5512530a4c70b9a87fe6783955ed69ad14691e9e7365d73,application/pdf,existing-sidecar,ok,archived,CICPA direct-PDF CSV mapping
,30.,substantive-attachment,,https://www.cicpa.org.cn/xxfb/tzgg/202304/W020230410260830082970.pdf,raw/_archive/standards/audit/pdfs/057-30..pdf,raw/standards/audit/pdfs/057-30..pdf.md,4d7e2e35fbdbe0aee8aaddc99d4515e7982d3a059715f6c2d66b403d35983cde,application/pdf,existing-sidecar,ok,archived,CICPA direct-PDF CSV mapping
,《中国注册会计师审阅准则第2101号——财务报表审阅》应用指南,substantive-attachment,,https://www.cicpa.org.cn/xxfb/tzgg/202304/W020230410260830099522.pdf,raw/_archive/standards/audit/pdfs/058-中国注册会计师审阅准则第2101号-财务报表审阅-应用指南.pdf,raw/standards/audit/pdfs/058-中国注册会计师审阅准则第2101号-财务报表审阅-应用指南.pdf.md,66b5526b0af96d0556e85e2e0920ad21b055fb137a80f4091ee5e6d7f2428b5d,application/pdf,existing-sidecar,ok,archived,CICPA direct-PDF CSV mapping
,32.,substantive-attachment,,https://www.cicpa.org.cn/xxfb/tzgg/202304/W020230410260830111508.pdf,raw/_archive/standards/audit/pdfs/059-32..pdf,raw/standards/audit/pdfs/059-32..pdf.md,9b54984fd499e98041e49260d9c328e6973b14854cb9811dfe24f35bd7e7136e,application/pdf,existing-sidecar,ok,archived,CICPA direct-PDF CSV mapping
,《中国注册会计师相关服务准则第4101号——对财务信息执行商定程序》应用指南,substantive-attachment,,https://www.cicpa.org.cn/xxfb/tzgg/202304/W020230410260830137521.pdf,raw/_archive/standards/audit/pdfs/060-中国注册会计师相关服务准则第4101号-对财务信息执行商定程序-应用指南.pdf,raw/standards/audit/pdfs/060-中国注册会计师相关服务准则第4101号-对财务信息执行商定程序-应用指南.pdf.md,e8d4481b4054d07c3fda1f2629448b83ee5209355057119dcde504601ccbe700,application/pdf,existing-sidecar,ok,archived,CICPA direct-PDF CSV mapping
,34.,substantive-attachment,,https://www.cicpa.org.cn/xxfb/tzgg/202304/W020230410260830147497.pdf,raw/_archive/standards/audit/pdfs/061-34..pdf,raw/standards/audit/pdfs/061-34..pdf.md,e1771a3928b6dc543909fb69815121ec551aaa47c605cd0ba49b7ec537cfc4a9,application/pdf,existing-sidecar,ok,archived,CICPA direct-PDF CSV mapping
,《中国注册会计师审计准则第1602号——验资》应用指南,substantive-attachment,,https://www.cicpa.org.cn/xxfb/tzgg/202304/W020240305344205067886.pdf,raw/_archive/standards/audit/pdfs/062-中国注册会计师审计准则第1602号-验资-应用指南.pdf,raw/standards/audit/pdfs/062-中国注册会计师审计准则第1602号-验资-应用指南.pdf.md,deb4c2c7f36bdc1cb5c56146020d5ec12772a0285bd70d0add6ec70de25a44c9,application/pdf,existing-sidecar,ok,archived,CICPA direct-PDF CSV mapping
65411,独立性准则第1号应用指南征求意见稿起草说明,substantive-attachment,https://www.cicpa.org.cn/xxfb/tzgg/202504/t20250430_65411.html,https://www.cicpa.org.cn/xxfb/tzgg/202504/W020250430561278344331.pdf,raw/_archive/ethics/third-section/independence-application-guide-exposure-2025/attachments/drafting-notes.pdf,raw/ethics/third-section/independence-application-guide-exposure-2025/attachments/drafting-notes.pdf.md,390424dbef31c640e5af1f7413af03af5fdd83123dd52f879687a6d53a251600,application/pdf,existing-sidecar,ok,archived,existing named attachment
,监管规则适用指引——发行类第9号：研发人员及研发投入,substantive-attachment,https://www.csrc.gov.cn/csrc/c101802/c7445462/content.shtml,https://www.csrc.gov.cn/csrc/c101802/c7445462/7445462/files/%E7%9B%91%E7%AE%A1%E8%A7%84%E5%88%99%E9%80%82%E7%94%A8%E6%8C%87%E5%BC%95%E2%80%94%E2%80%94%E5%8F%91%E8%A1%8C%E7%B1%BB%E7%AC%AC9%E5%8F%B7%20%E7%A0%94%E5%8F%91%E4%BA%BA%E5%91%98%E5%8F%8A%E7%A0%94%E5%8F%91%E6%8A%95%E5%85%A5%E8%B5%B7%E8%8D%89%E8%AF%B4%E6%98%8E.pdf,raw/policies/issuance-guidance/issuance-class-09-rd-staff-investment/official.pdf,raw/policies/issuance-guidance/issuance-class-09-rd-staff-investment/official.pdf.md,4c14cb05c4805d4ebbd20b3d8237f32747ec675450d62778473cedfc2cc1e419,application/pdf,manifest,extracted_by_pypdf,archived,manifest mapping
,会计师事务所监督检查办法,substantive-attachment,https://www.gov.cn/zhengce/zhengceku/2022-05/16/content_5690682.htm,https://www.gov.cn/zhengce/zhengceku/2022-05/16/5690682/files/6573ca570b0245f6ab3e0a7adf14324c.pdf,raw/_archive/policies/second-section/firm-inspection-2022-23/attachments/official.pdf,raw/policies/second-section/firm-inspection-2022-23/attachments/official.pdf.md,8c298c6301f34a8dfb4a5429e14a31105a512c5002f0ee0ec65a3055ee5579e2,application/pdf,existing-sidecar,ok,archived,existing named attachment
,注册会计师行业诚信建设纲要,substantive-attachment,https://www.gov.cn/zhengce/zhengceku/2023-04/02/content_5749779.htm,https://www.gov.cn/zhengce/zhengceku/2023-04/02/5749779/files/784a06d3e09545b28aafb171b137adfe.pdf,raw/_archive/policies/second-section/integrity-2023-5/attachments/official.pdf,raw/policies/second-section/integrity-2023-5/attachments/official.pdf.md,b3a1042e1789f2a72f1da189d4991a44037bb4dae37f2eb571f8c33317cf21bc,application/pdf,existing-sidecar,ok,archived,existing named attachment
3952051,中国注册会计师独立性准则第1号,substantive-attachment,http://kjs.mof.gov.cn/zhengcefabu/202501/t20250120_3952051.htm,http://kjs.mof.gov.cn/zhengcefabu/202501/P020250120381094517836.pdf,raw/_archive/ethics/third-section/independence-standard-2024-29-pdf/official.pdf,raw/ethics/third-section/independence-standard-2024-29-pdf/official.pdf.md,8c68eae830bffca3545527fb9baca348a63c987f835ffa8edaa442210914dfd6,application/pdf,existing-sidecar,ok,equivalent-source-archived,Equivalent official CICPA copy archived from https://cicpa.org.cn/xxfb/news/202501/W020250120543364207300.pdf
701308,关于印发企业会计准则解释第5号的通知,substantive-attachment,https://kjs.mof.gov.cn/zhengcefabu/201211/t20121122_701308.htm,https://kjs.mof.gov.cn/zhengcefabu/201211/P020121122516762746185.doc,raw/_archive/standards/accounting/page-attachments/006-P020121122516762746185.doc,raw/standards/accounting/page-attachments/006-P020121122516762746185.doc.md,891e068865c109abb345583f8aa3810d582db7388bcc41ce620d2d7ef720614b,application/msword,official-html-fallback,fallback-official-html,equivalent-source-archived,Binary original retained; text derived from raw/_archive/standards/accounting/interpretations-pages/关于印发企业会计准则解释第5号的通知.html (https://kjs.mof.gov.cn/zhengcefabu/201211/t20121122_701308.htm)
986492,关于印发《企业产品成本核算制度（试行）》的通知,substantive-attachment,https://kjs.mof.gov.cn/zhengcefabu/201309/t20130906_986492.htm,https://kjs.mof.gov.cn/zhengcefabu/201309/P020230310389475958559.doc,raw/_archive/standards/accounting/page-attachments/002-P020230310389475958559.doc,raw/standards/accounting/page-attachments/002-P020230310389475958559.doc.md,308f8d8fc6acdaa93bf62ac1fc8b968a760111524e9b2467158aadb406451a78,application/msword,official-html-fallback,fallback-official-html,equivalent-source-archived,Binary original retained; text derived from raw/_archive/standards/accounting/equivalent-html-fallbacks/enterprise-product-cost-accounting-system-trial.html (https://www.gov.cn/gongbao/content/2013/content_2528121.htm)
2479869,关于印发《增值税会计处理规定》的通知,substantive-attachment,https://kjs.mof.gov.cn/zhengcefabu/201612/t20161212_2479869.htm,https://kjs.mof.gov.cn/zhengcefabu/201612/P020161212572651599508.pdf,raw/_archive/standards/accounting/page-attachments/009-P020161212572651599508.pdf,raw/standards/accounting/page-attachments/009-P020161212572651599508.pdf.md,6e3fef417c87a80f616b03a73135c6717faa7303c592a2bdfe5c40d8888750d0,application/pdf,official-html-fallback,fallback-official-html,equivalent-source-archived,Binary original retained; text derived from raw/_archive/standards/accounting/other-rules-pages/009-关于印发-增值税会计处理规定-的通知.html (https://kjs.mof.gov.cn/zhengcefabu/201612/t20161212_2479869.htm)
,意见反馈表,auxiliary-attachment,https://www.cicpa.org.cn/xxfb/tzgg/202504/t20250430_65411.html,https://www.cicpa.org.cn/xxfb/tzgg/202504/W020250430561278352757.docx,,,,application/vnd.openxmlformats-officedocument.wordprocessingml.document,excluded,not-required,excluded-auxiliary,征求意见反馈表，不属于规范正文
