SourceType,SourceTypeLabel,Title,Url,LocalPath,Seq,StandardNo,StandardKey,StandardPage,MappingMethod,Confidence,InterpretationNo
standard,准则原文,企业会计准则——基本准则,http://tfs.mof.gov.cn/caizhengbuling/201407/t20140729_1119494.htm,raw/standards/accounting/standards-pages/企业会计准则-基本准则.html,,,basic,concepts/accounting-standards/basic,basic-standard-title,high,
standard,准则原文,企业会计准则第5号——生物资产,https://kjs.mof.gov.cn/zt/kjzzss/kuaijizhunzeshishi/200806/t20080618_46212.htm,raw/standards/accounting/standards-pages/企业会计准则第5号-生物资产.html,,5,cas-05,concepts/accounting-standards/cas-05,title-standard-number,high,
standard,准则原文,企业会计准则第4号——固定资产,https://kjs.mof.gov.cn/zt/kjzzss/kuaijizhunzeshishi/200806/t20080618_46213.htm,raw/standards/accounting/standards-pages/企业会计准则第4号-固定资产.html,,4,cas-04,concepts/accounting-standards/cas-04,title-standard-number,high,
standard,准则原文,企业会计准则第3号——投资性房地产,https://kjs.mof.gov.cn/zt/kjzzss/kuaijizhunzeshishi/200806/t20080618_46214.htm,raw/standards/accounting/standards-pages/企业会计准则第3号-投资性房地产.html,,3,cas-03,concepts/accounting-standards/cas-03,title-standard-number,high,
standard,准则原文,企业会计准则第2号——长期股权投资,https://kjs.mof.gov.cn/zt/kjzzss/kuaijizhunzeshishi/200806/t20080618_46215.htm,raw/standards/accounting/standards-pages/企业会计准则第2号-长期股权投资.html,,2,cas-02,concepts/accounting-standards/cas-02,title-standard-number,high,
standard,准则原文,企业会计准则第1号——存货,https://kjs.mof.gov.cn/zt/kjzzss/kuaijizhunzeshishi/200806/t20080618_46216.htm,raw/standards/accounting/standards-pages/企业会计准则第1号-存货.html,,1,cas-01,concepts/accounting-standards/cas-01,title-standard-number,high,
standard,准则原文,企业会计准则第30号——财务报表列报,https://kjs.mof.gov.cn/zt/kjzzss/kuaijizhunzeshishi/200806/t20080618_46218.htm,raw/standards/accounting/standards-pages/企业会计准则第30号-财务报表列报.html,,30,cas-30,concepts/accounting-standards/cas-30,title-standard-number,high,
standard,准则原文,企业会计准则第29号——资产负债表日后事项,https://kjs.mof.gov.cn/zt/kjzzss/kuaijizhunzeshishi/200806/t20080618_46219.htm,raw/standards/accounting/standards-pages/企业会计准则第29号-资产负债表日后事项.html,,29,cas-29,concepts/accounting-standards/cas-29,title-standard-number,high,
standard,准则原文,企业会计准则第28号——会计政策、会计估计变更和差错更正,https://kjs.mof.gov.cn/zt/kjzzss/kuaijizhunzeshishi/200806/t20080618_46220.htm,raw/standards/accounting/standards-pages/企业会计准则第28号-会计政策-会计估计变更和差错更正.html,,28,cas-28,concepts/accounting-standards/cas-28,title-standard-number,high,
standard,准则原文,企业会计准则第27号——石油天然气开采,https://kjs.mof.gov.cn/zt/kjzzss/kuaijizhunzeshishi/200806/t20080618_46221.htm,raw/standards/accounting/standards-pages/企业会计准则第27号-石油天然气开采.html,,27,cas-27,concepts/accounting-standards/cas-27,title-standard-number,high,
standard,准则原文,企业会计准则第26号——再保险合同（财会〔2006〕3号）,https://kjs.mof.gov.cn/zt/kjzzss/kuaijizhunzeshishi/200806/t20080618_46222.htm,raw/standards/accounting/standards-pages/企业会计准则第26号-再保险合同-财会〔2006〕3号.html,,26,cas-26,concepts/accounting-standards/cas-26,title-standard-number,high,
standard,准则原文,企业会计准则第25号——原保险合同（财会〔2006〕3号）,https://kjs.mof.gov.cn/zt/kjzzss/kuaijizhunzeshishi/200806/t20080618_46223.htm,raw/standards/accounting/standards-pages/企业会计准则第25号-原保险合同-财会〔2006〕3号.html,,25,cas-25,concepts/accounting-standards/cas-25,title-standard-number,high,
standard,准则原文,企业会计准则第24号——套期保值（财会〔2006〕3号）,https://kjs.mof.gov.cn/zt/kjzzss/kuaijizhunzeshishi/200806/t20080618_46224.htm,raw/standards/accounting/standards-pages/企业会计准则第24号-套期保值-财会〔2006〕3号.html,,24,cas-24,concepts/accounting-standards/cas-24,title-standard-number,high,
standard,准则原文,企业会计准则第23号——金融资产转移（财会〔2006〕3号）,https://kjs.mof.gov.cn/zt/kjzzss/kuaijizhunzeshishi/200806/t20080618_46225.htm,raw/standards/accounting/standards-pages/企业会计准则第23号-金融资产转移-财会〔2006〕3号.html,,23,cas-23,concepts/accounting-standards/cas-23,title-standard-number,high,
standard,准则原文,企业会计准则第22号——金融工具确认和计量（财会〔2006〕3号）,https://kjs.mof.gov.cn/zt/kjzzss/kuaijizhunzeshishi/200806/t20080618_46226.htm,raw/standards/accounting/standards-pages/企业会计准则第22号-金融工具确认和计量-财会〔2006〕3号.html,,22,cas-22,concepts/accounting-standards/cas-22,title-standard-number,high,
standard,准则原文,企业会计准则第20号——企业合并,https://kjs.mof.gov.cn/zt/kjzzss/kuaijizhunzeshishi/200806/t20080618_46228.htm,raw/standards/accounting/standards-pages/企业会计准则第20号-企业合并.html,,20,cas-20,concepts/accounting-standards/cas-20,title-standard-number,high,
standard,准则原文,企业会计准则第19号——外币折算,https://kjs.mof.gov.cn/zt/kjzzss/kuaijizhunzeshishi/200806/t20080618_46229.htm,raw/standards/accounting/standards-pages/企业会计准则第19号-外币折算.html,,19,cas-19,concepts/accounting-standards/cas-19,title-standard-number,high,
standard,准则原文,企业会计准则第18号——所得税,https://kjs.mof.gov.cn/zt/kjzzss/kuaijizhunzeshishi/200806/t20080618_46230.htm,raw/standards/accounting/standards-pages/企业会计准则第18号-所得税.html,,18,cas-18,concepts/accounting-standards/cas-18,title-standard-number,high,
standard,准则原文,企业会计准则第17号——借款费用,https://kjs.mof.gov.cn/zt/kjzzss/kuaijizhunzeshishi/200806/t20080618_46231.htm,raw/standards/accounting/standards-pages/企业会计准则第17号-借款费用.html,,17,cas-17,concepts/accounting-standards/cas-17,title-standard-number,high,
standard,准则原文,企业会计准则第16号——政府补助,https://kjs.mof.gov.cn/zt/kjzzss/kuaijizhunzeshishi/200806/t20080618_46232.htm,raw/standards/accounting/standards-pages/企业会计准则第16号-政府补助.html,,16,cas-16,concepts/accounting-standards/cas-16,title-standard-number,high,
standard,准则原文,企业会计准则第13号——或有事项,https://kjs.mof.gov.cn/zt/kjzzss/kuaijizhunzeshishi/200806/t20080618_46235.htm,raw/standards/accounting/standards-pages/企业会计准则第13号-或有事项.html,,13,cas-13,concepts/accounting-standards/cas-13,title-standard-number,high,
standard,准则原文,企业会计准则第11号——股份支付,https://kjs.mof.gov.cn/zt/kjzzss/kuaijizhunzeshishi/200806/t20080618_46237.htm,raw/standards/accounting/standards-pages/企业会计准则第11号-股份支付.html,,11,cas-11,concepts/accounting-standards/cas-11,title-standard-number,high,
standard,准则原文,企业会计准则第10号——企业年金基金,https://kjs.mof.gov.cn/zt/kjzzss/kuaijizhunzeshishi/200806/t20080618_46238.htm,raw/standards/accounting/standards-pages/企业会计准则第10号-企业年金基金.html,,10,cas-10,concepts/accounting-standards/cas-10,title-standard-number,high,
standard,准则原文,企业会计准则第9号——职工薪酬,https://kjs.mof.gov.cn/zt/kjzzss/kuaijizhunzeshishi/200806/t20080618_46239.htm,raw/standards/accounting/standards-pages/企业会计准则第9号-职工薪酬.html,,9,cas-09,concepts/accounting-standards/cas-09,title-standard-number,high,
standard,准则原文,企业会计准则第8号——资产减值,https://kjs.mof.gov.cn/zt/kjzzss/kuaijizhunzeshishi/200806/t20080618_46240.htm,raw/standards/accounting/standards-pages/企业会计准则第8号-资产减值.html,,8,cas-08,concepts/accounting-standards/cas-08,title-standard-number,high,
standard,准则原文,企业会计准则第6号——无形资产,https://kjs.mof.gov.cn/zt/kjzzss/kuaijizhunzeshishi/200806/t20080618_46242.htm,raw/standards/accounting/standards-pages/企业会计准则第6号-无形资产.html,,6,cas-06,concepts/accounting-standards/cas-06,title-standard-number,high,
standard,准则原文,企业会计准则第38号——首次执行企业会计准则,https://kjs.mof.gov.cn/zt/kjzzss/kuaijizhunzeshishi/200806/t20080618_46243.htm,raw/standards/accounting/standards-pages/企业会计准则第38号-首次执行企业会计准则.html,,38,cas-38,concepts/accounting-standards/cas-38,title-standard-number,high,
standard,准则原文,企业会计准则第37号——金融工具列报（财会〔2014〕23号）,https://kjs.mof.gov.cn/zt/kjzzss/kuaijizhunzeshishi/200806/t20080618_46244.htm,raw/standards/accounting/standards-pages/企业会计准则第37号-金融工具列报-财会〔2014〕23号.html,,37,cas-37,concepts/accounting-standards/cas-37,title-standard-number,high,
standard,准则原文,企业会计准则第36号——关联方披露,https://kjs.mof.gov.cn/zt/kjzzss/kuaijizhunzeshishi/200806/t20080618_46245.htm,raw/standards/accounting/standards-pages/企业会计准则第36号-关联方披露.html,,36,cas-36,concepts/accounting-standards/cas-36,title-standard-number,high,
standard,准则原文,企业会计准则第35号——分部报告,https://kjs.mof.gov.cn/zt/kjzzss/kuaijizhunzeshishi/200806/t20080618_46246.htm,raw/standards/accounting/standards-pages/企业会计准则第35号-分部报告.html,,35,cas-35,concepts/accounting-standards/cas-35,title-standard-number,high,
standard,准则原文,企业会计准则第34号——每股收益,https://kjs.mof.gov.cn/zt/kjzzss/kuaijizhunzeshishi/200806/t20080618_46247.htm,raw/standards/accounting/standards-pages/企业会计准则第34号-每股收益.html,,34,cas-34,concepts/accounting-standards/cas-34,title-standard-number,high,
standard,准则原文,企业会计准则第33号——合并财务报表,https://kjs.mof.gov.cn/zt/kjzzss/kuaijizhunzeshishi/200806/t20080618_46248.htm,raw/standards/accounting/standards-pages/企业会计准则第33号-合并财务报表.html,,33,cas-33,concepts/accounting-standards/cas-33,title-standard-number,high,
standard,准则原文,企业会计准则第32号——中期财务报告,https://kjs.mof.gov.cn/zt/kjzzss/kuaijizhunzeshishi/200806/t20080618_46249.htm,raw/standards/accounting/standards-pages/企业会计准则第32号-中期财务报告.html,,32,cas-32,concepts/accounting-standards/cas-32,title-standard-number,high,
standard,准则原文,企业会计准则第31号——现金流量表,https://kjs.mof.gov.cn/zt/kjzzss/kuaijizhunzeshishi/200806/t20080618_46250.htm,raw/standards/accounting/standards-pages/企业会计准则第31号-现金流量表.html,,31,cas-31,concepts/accounting-standards/cas-31,title-standard-number,high,
standard,准则原文,企业会计准则第39号——公允价值计量,https://kjs.mof.gov.cn/zt/kjzzss/kuaijizhunzeshishi/201512/t20151208_1602631.htm,raw/standards/accounting/standards-pages/企业会计准则第39号-公允价值计量.html,,39,cas-39,concepts/accounting-standards/cas-39,title-standard-number,high,
standard,准则原文,企业会计准则第40号——合营安排,https://kjs.mof.gov.cn/zt/kjzzss/kuaijizhunzeshishi/201512/t20151208_1602633.htm,raw/standards/accounting/standards-pages/企业会计准则第40号-合营安排.html,,40,cas-40,concepts/accounting-standards/cas-40,title-standard-number,high,
standard,准则原文,企业会计准则第41号——在其他主体中权益的披露,https://kjs.mof.gov.cn/zt/kjzzss/kuaijizhunzeshishi/201512/t20151208_1602637.htm,raw/standards/accounting/standards-pages/企业会计准则第41号-在其他主体中权益的披露.html,,41,cas-41,concepts/accounting-standards/cas-41,title-standard-number,high,
standard,准则原文,企业会计准则第14号——收入,https://kjs.mof.gov.cn/zt/kjzzss/kuaijizhunzeshishi/201709/t20170907_2694006.htm,raw/standards/accounting/standards-pages/企业会计准则第14号-收入.html,,14,cas-14,concepts/accounting-standards/cas-14,title-standard-number,high,
standard,准则原文,企业会计准则第37号——金融工具列报（财会〔2017〕14号）,https://kjs.mof.gov.cn/zt/kjzzss/kuaijizhunzeshishi/201709/t20170907_2694118.htm,raw/standards/accounting/standards-pages/企业会计准则第37号-金融工具列报-财会〔2017〕14号.html,,37,cas-37,concepts/accounting-standards/cas-37,title-standard-number,high,
standard,准则原文,企业会计准则第42号——持有待售的非流动资产、处置组和终止经营,https://kjs.mof.gov.cn/zt/kjzzss/kuaijizhunzeshishi/201709/t20170907_2694145.htm,raw/standards/accounting/standards-pages/企业会计准则第42号-持有待售的非流动资产-处置组和终止经营.html,,42,cas-42,concepts/accounting-standards/cas-42,title-standard-number,high,
standard,准则原文,企业会计准则第24号——套期会计（财会〔2017〕9号）,https://kjs.mof.gov.cn/zt/kjzzss/kuaijizhunzeshishi/201709/t20170908_2694624.htm,raw/standards/accounting/standards-pages/企业会计准则第24号-套期会计-财会〔2017〕9号.html,,24,cas-24,concepts/accounting-standards/cas-24,title-standard-number,high,
standard,准则原文,企业会计准则第23号——金融资产转移（财会〔2017〕8号）,https://kjs.mof.gov.cn/zt/kjzzss/kuaijizhunzeshishi/201709/t20170908_2694626.htm,raw/standards/accounting/standards-pages/企业会计准则第23号-金融资产转移-财会〔2017〕8号.html,,23,cas-23,concepts/accounting-standards/cas-23,title-standard-number,high,
standard,准则原文,企业会计准则第22号——金融工具确认和计量（财会〔2017〕7号）,https://kjs.mof.gov.cn/zt/kjzzss/kuaijizhunzeshishi/201709/t20170908_2694655.htm,raw/standards/accounting/standards-pages/企业会计准则第22号-金融工具确认和计量-财会〔2017〕7号.html,,22,cas-22,concepts/accounting-standards/cas-22,title-standard-number,high,
standard,准则原文,企业会计准则第7号——非货币性资产交换,https://kjs.mof.gov.cn/zt/kjzzss/kuaijizhunzeshishi/201909/t20190911_3384679.htm,raw/standards/accounting/standards-pages/企业会计准则第7号-非货币性资产交换.html,,7,cas-07,concepts/accounting-standards/cas-07,title-standard-number,high,
standard,准则原文,企业会计准则第12号——债务重组,https://kjs.mof.gov.cn/zt/kjzzss/kuaijizhunzeshishi/201910/t20191028_3410789.htm,raw/standards/accounting/standards-pages/企业会计准则第12号-债务重组.html,,12,cas-12,concepts/accounting-standards/cas-12,title-standard-number,high,
standard,准则原文,企业会计准则第21号——租赁,https://kjs.mof.gov.cn/zt/kjzzss/kuaijizhunzeshishi/201910/t20191028_3411190.htm,raw/standards/accounting/standards-pages/企业会计准则第21号-租赁.html,,21,cas-21,concepts/accounting-standards/cas-21,title-standard-number,high,
standard,准则原文,企业会计准则第25号——保险合同（财会〔2020〕20号）,https://kjs.mof.gov.cn/zt/kjzzss/kuaijizhunzeshishi/202202/t20220224_3790240.htm,raw/standards/accounting/standards-pages/企业会计准则第25号-保险合同-财会〔2020〕20号.html,,25,cas-25,concepts/accounting-standards/cas-25,title-standard-number,high,
interpretation,准则解释,关于印发《企业会计准则解释第16号》的通知,https://kjs.mof.gov.cn/gongzuotongzhi/202212/t20221212_3857395.htm,raw/standards/accounting/interpretations-pages/关于印发-企业会计准则解释第16号-的通知.html,,,unmapped,,unmapped,low,16
interpretation,准则解释,关于印发《企业会计准则解释第1号》的通知,https://kjs.mof.gov.cn/zhengcefabu/200805/t20080522_33804.htm,raw/standards/accounting/interpretations-pages/关于印发-企业会计准则解释第1号-的通知.html,,,unmapped,,unmapped,low,1
interpretation,准则解释,关于印发企业会计准则解释第2号的通知,https://kjs.mof.gov.cn/zhengcefabu/200809/t20080912_74645.htm,raw/standards/accounting/interpretations-pages/关于印发企业会计准则解释第2号的通知.html,,,unmapped,,unmapped,low,2
interpretation,准则解释,关于印发企业会计准则解释第3号的通知,https://kjs.mof.gov.cn/zhengcefabu/200906/t20090625_172281.htm,raw/standards/accounting/interpretations-pages/关于印发企业会计准则解释第3号的通知.html,,,unmapped,,unmapped,low,3
interpretation,准则解释,关于印发企业会计准则解释第4号的通知,https://kjs.mof.gov.cn/zhengcefabu/201008/t20100809_332092.htm,raw/standards/accounting/interpretations-pages/关于印发企业会计准则解释第4号的通知.html,,2,cas-02,concepts/accounting-standards/cas-02,html-standard-number,medium,4
interpretation,准则解释,关于印发企业会计准则解释第4号的通知,https://kjs.mof.gov.cn/zhengcefabu/201008/t20100809_332092.htm,raw/standards/accounting/interpretations-pages/关于印发企业会计准则解释第4号的通知.html,,22,cas-22,concepts/accounting-standards/cas-22,html-standard-number,medium,4
interpretation,准则解释,关于印发企业会计准则解释第4号的通知,https://kjs.mof.gov.cn/zhengcefabu/201008/t20100809_332092.htm,raw/standards/accounting/interpretations-pages/关于印发企业会计准则解释第4号的通知.html,,23,cas-23,concepts/accounting-standards/cas-23,html-standard-number,medium,4
interpretation,准则解释,关于印发企业会计准则解释第4号的通知,https://kjs.mof.gov.cn/zhengcefabu/201008/t20100809_332092.htm,raw/standards/accounting/interpretations-pages/关于印发企业会计准则解释第4号的通知.html,,25,cas-25,concepts/accounting-standards/cas-25,html-standard-number,medium,4
interpretation,准则解释,关于印发企业会计准则解释第4号的通知,https://kjs.mof.gov.cn/zhengcefabu/201008/t20100809_332092.htm,raw/standards/accounting/interpretations-pages/关于印发企业会计准则解释第4号的通知.html,,26,cas-26,concepts/accounting-standards/cas-26,html-standard-number,medium,4
interpretation,准则解释,关于印发企业会计准则解释第4号的通知,https://kjs.mof.gov.cn/zhengcefabu/201008/t20100809_332092.htm,raw/standards/accounting/interpretations-pages/关于印发企业会计准则解释第4号的通知.html,,37,cas-37,concepts/accounting-standards/cas-37,html-standard-number,medium,4
interpretation,准则解释,关于印发企业会计准则解释第5号的通知,https://kjs.mof.gov.cn/zhengcefabu/201211/t20121122_701308.htm,raw/standards/accounting/interpretations-pages/关于印发企业会计准则解释第5号的通知.html,,14,cas-14,concepts/accounting-standards/cas-14,html-standard-number,medium,5
interpretation,准则解释,关于印发企业会计准则解释第5号的通知,https://kjs.mof.gov.cn/zhengcefabu/201211/t20121122_701308.htm,raw/standards/accounting/interpretations-pages/关于印发企业会计准则解释第5号的通知.html,,22,cas-22,concepts/accounting-standards/cas-22,html-standard-number,medium,5
interpretation,准则解释,关于印发企业会计准则解释第5号的通知,https://kjs.mof.gov.cn/zhengcefabu/201211/t20121122_701308.htm,raw/standards/accounting/interpretations-pages/关于印发企业会计准则解释第5号的通知.html,,23,cas-23,concepts/accounting-standards/cas-23,html-standard-number,medium,5
interpretation,准则解释,关于印发企业会计准则解释第5号的通知,https://kjs.mof.gov.cn/zhengcefabu/201211/t20121122_701308.htm,raw/standards/accounting/interpretations-pages/关于印发企业会计准则解释第5号的通知.html,,25,cas-25,concepts/accounting-standards/cas-25,html-standard-number,medium,5
interpretation,准则解释,关于印发企业会计准则解释第5号的通知,https://kjs.mof.gov.cn/zhengcefabu/201211/t20121122_701308.htm,raw/standards/accounting/interpretations-pages/关于印发企业会计准则解释第5号的通知.html,,26,cas-26,concepts/accounting-standards/cas-26,html-standard-number,medium,5
interpretation,准则解释,关于印发企业会计准则解释第5号的通知,https://kjs.mof.gov.cn/zhengcefabu/201211/t20121122_701308.htm,raw/standards/accounting/interpretations-pages/关于印发企业会计准则解释第5号的通知.html,,30,cas-30,concepts/accounting-standards/cas-30,html-standard-number,medium,5
interpretation,准则解释,关于印发企业会计准则解释第5号的通知,https://kjs.mof.gov.cn/zhengcefabu/201211/t20121122_701308.htm,raw/standards/accounting/interpretations-pages/关于印发企业会计准则解释第5号的通知.html,,37,cas-37,concepts/accounting-standards/cas-37,html-standard-number,medium,5
interpretation,准则解释,关于印发《企业会计准则解释第6号》的通知,https://kjs.mof.gov.cn/zhengcefabu/201401/t20140123_1038629.htm,raw/standards/accounting/interpretations-pages/关于印发-企业会计准则解释第6号-的通知.html,,4,cas-04,concepts/accounting-standards/cas-04,html-standard-number,medium,6
interpretation,准则解释,关于印发《企业会计准则解释第6号》的通知,https://kjs.mof.gov.cn/zhengcefabu/201401/t20140123_1038629.htm,raw/standards/accounting/interpretations-pages/关于印发-企业会计准则解释第6号-的通知.html,,20,cas-20,concepts/accounting-standards/cas-20,html-standard-number,medium,6
interpretation,准则解释,关于印发《企业会计准则解释第7号》的通知,https://kjs.mof.gov.cn/zhengcefabu/201511/t20151113_1559056.htm,raw/standards/accounting/interpretations-pages/关于印发-企业会计准则解释第7号-的通知.html,,2,cas-02,concepts/accounting-standards/cas-02,html-standard-number,medium,7
interpretation,准则解释,关于印发《企业会计准则解释第7号》的通知,https://kjs.mof.gov.cn/zhengcefabu/201511/t20151113_1559056.htm,raw/standards/accounting/interpretations-pages/关于印发-企业会计准则解释第7号-的通知.html,,9,cas-09,concepts/accounting-standards/cas-09,html-standard-number,medium,7
interpretation,准则解释,关于印发《企业会计准则解释第7号》的通知,https://kjs.mof.gov.cn/zhengcefabu/201511/t20151113_1559056.htm,raw/standards/accounting/interpretations-pages/关于印发-企业会计准则解释第7号-的通知.html,,11,cas-11,concepts/accounting-standards/cas-11,html-standard-number,medium,7
interpretation,准则解释,关于印发《企业会计准则解释第7号》的通知,https://kjs.mof.gov.cn/zhengcefabu/201511/t20151113_1559056.htm,raw/standards/accounting/interpretations-pages/关于印发-企业会计准则解释第7号-的通知.html,,18,cas-18,concepts/accounting-standards/cas-18,html-standard-number,medium,7
interpretation,准则解释,关于印发《企业会计准则解释第7号》的通知,https://kjs.mof.gov.cn/zhengcefabu/201511/t20151113_1559056.htm,raw/standards/accounting/interpretations-pages/关于印发-企业会计准则解释第7号-的通知.html,,22,cas-22,concepts/accounting-standards/cas-22,html-standard-number,medium,7
interpretation,准则解释,关于印发《企业会计准则解释第7号》的通知,https://kjs.mof.gov.cn/zhengcefabu/201511/t20151113_1559056.htm,raw/standards/accounting/interpretations-pages/关于印发-企业会计准则解释第7号-的通知.html,,33,cas-33,concepts/accounting-standards/cas-33,html-standard-number,medium,7
interpretation,准则解释,关于印发《企业会计准则解释第7号》的通知,https://kjs.mof.gov.cn/zhengcefabu/201511/t20151113_1559056.htm,raw/standards/accounting/interpretations-pages/关于印发-企业会计准则解释第7号-的通知.html,,34,cas-34,concepts/accounting-standards/cas-34,html-standard-number,medium,7
interpretation,准则解释,关于印发《企业会计准则解释第7号》的通知,https://kjs.mof.gov.cn/zhengcefabu/201511/t20151113_1559056.htm,raw/standards/accounting/interpretations-pages/关于印发-企业会计准则解释第7号-的通知.html,,37,cas-37,concepts/accounting-standards/cas-37,html-standard-number,medium,7
interpretation,准则解释,关于印发《企业会计准则解释第8号》的通知,https://kjs.mof.gov.cn/zhengcefabu/201601/t20160104_1643346.htm,raw/standards/accounting/interpretations-pages/关于印发-企业会计准则解释第8号-的通知.html,,22,cas-22,concepts/accounting-standards/cas-22,html-standard-number,medium,8
interpretation,准则解释,关于印发《企业会计准则解释第8号》的通知,https://kjs.mof.gov.cn/zhengcefabu/201601/t20160104_1643346.htm,raw/standards/accounting/interpretations-pages/关于印发-企业会计准则解释第8号-的通知.html,,33,cas-33,concepts/accounting-standards/cas-33,html-standard-number,medium,8
interpretation,准则解释,关于印发《企业会计准则解释第8号》的通知,https://kjs.mof.gov.cn/zhengcefabu/201601/t20160104_1643346.htm,raw/standards/accounting/interpretations-pages/关于印发-企业会计准则解释第8号-的通知.html,,37,cas-37,concepts/accounting-standards/cas-37,html-standard-number,medium,8
interpretation,准则解释,关于印发《企业会计准则解释第8号》的通知,https://kjs.mof.gov.cn/zhengcefabu/201601/t20160104_1643346.htm,raw/standards/accounting/interpretations-pages/关于印发-企业会计准则解释第8号-的通知.html,,39,cas-39,concepts/accounting-standards/cas-39,html-standard-number,medium,8
interpretation,准则解释,关于印发《企业会计准则解释第9号——关于权益法下投资净损失的会计处理》的通知,https://kjs.mof.gov.cn/zhengcefabu/201706/t20170621_2628433.htm,raw/standards/accounting/interpretations-pages/关于印发-企业会计准则解释第9号-关于权益法下投资净损失的会计处理-的通知.html,,,unmapped,,unmapped,low,9
interpretation,准则解释,关于印发《企业会计准则解释第10号——关于以使用固定资产产生的收入为基础的折旧方法》的通知,https://kjs.mof.gov.cn/zhengcefabu/201706/t20170621_2628435.htm,raw/standards/accounting/interpretations-pages/关于印发-企业会计准则解释第10号-关于以使用固定资产产生的收入为基础的折旧方法-的通知.html,,4,cas-04,concepts/accounting-standards/cas-04,title-topic-keyword,medium,10
interpretation,准则解释,关于印发《企业会计准则解释第10号——关于以使用固定资产产生的收入为基础的折旧方法》的通知,https://kjs.mof.gov.cn/zhengcefabu/201706/t20170621_2628435.htm,raw/standards/accounting/interpretations-pages/关于印发-企业会计准则解释第10号-关于以使用固定资产产生的收入为基础的折旧方法-的通知.html,,14,cas-14,concepts/accounting-standards/cas-14,title-topic-keyword,medium,10
interpretation,准则解释,关于印发《企业会计准则解释第11号——关于以使用无形资产产生的收入为基础的摊销方法》的通知,https://kjs.mof.gov.cn/zhengcefabu/201706/t20170621_2628437.htm,raw/standards/accounting/interpretations-pages/关于印发-企业会计准则解释第11号-关于以使用无形资产产生的收入为基础的摊销方法-的通知.html,,6,cas-06,concepts/accounting-standards/cas-06,title-topic-keyword,medium,11
interpretation,准则解释,关于印发《企业会计准则解释第11号——关于以使用无形资产产生的收入为基础的摊销方法》的通知,https://kjs.mof.gov.cn/zhengcefabu/201706/t20170621_2628437.htm,raw/standards/accounting/interpretations-pages/关于印发-企业会计准则解释第11号-关于以使用无形资产产生的收入为基础的摊销方法-的通知.html,,14,cas-14,concepts/accounting-standards/cas-14,title-topic-keyword,medium,11
interpretation,准则解释,关于印发《企业会计准则解释第12号——关于关键管理人员服务的提供方与接受方是否为关联方》的通知,https://kjs.mof.gov.cn/zhengcefabu/201706/t20170621_2628439.htm,raw/standards/accounting/interpretations-pages/关于印发-企业会计准则解释第12号-关于关键管理人员服务的提供方与接受方是否为关联方-的通知.html,,,unmapped,,unmapped,low,12
interpretation,准则解释,关于印发《企业会计准则解释第13号》的通知,https://kjs.mof.gov.cn/zhengcefabu/201912/t20191213_3441493.htm,raw/standards/accounting/interpretations-pages/关于印发-企业会计准则解释第13号-的通知.html,,,unmapped,,unmapped,low,13
interpretation,准则解释,关于印发《企业会计准则解释第14号》的通知,https://kjs.mof.gov.cn/zhengcefabu/202102/t20210202_3653110.htm,raw/standards/accounting/interpretations-pages/关于印发-企业会计准则解释第14号-的通知.html,,,unmapped,,unmapped,low,14
interpretation,准则解释,关于印发《企业会计准则解释第15号》的通知,https://kjs.mof.gov.cn/zhengcefabu/202112/t20211231_3779983.htm,raw/standards/accounting/interpretations-pages/关于印发-企业会计准则解释第15号-的通知.html,,,unmapped,,unmapped,low,15
interpretation,准则解释,关于印发《企业会计准则解释第17号》的通知,https://kjs.mof.gov.cn/zhengcefabu/202311/t20231109_3915491.htm,raw/standards/accounting/interpretations-pages/关于印发-企业会计准则解释第17号-的通知.html,,,unmapped,,unmapped,low,17
interpretation,准则解释,关于印发《企业会计准则解释第18号》的通知,https://kjs.mof.gov.cn/zhengcefabu/202412/t20241223_3950344.htm,raw/standards/accounting/interpretations-pages/关于印发-企业会计准则解释第18号-的通知.html,,,unmapped,,unmapped,low,18
interpretation,准则解释,关于印发《企业会计准则解释第19号》的通知,https://kjs.mof.gov.cn/zhengcefabu/202512/t20251218_3979556.htm,raw/standards/accounting/interpretations-pages/关于印发-企业会计准则解释第19号-的通知.html,,2,cas-02,concepts/accounting-standards/cas-02,html-standard-number,medium,19
interpretation,准则解释,关于印发《企业会计准则解释第19号》的通知,https://kjs.mof.gov.cn/zhengcefabu/202512/t20251218_3979556.htm,raw/standards/accounting/interpretations-pages/关于印发-企业会计准则解释第19号-的通知.html,,13,cas-13,concepts/accounting-standards/cas-13,html-standard-number,medium,19
interpretation,准则解释,关于印发《企业会计准则解释第19号》的通知,https://kjs.mof.gov.cn/zhengcefabu/202512/t20251218_3979556.htm,raw/standards/accounting/interpretations-pages/关于印发-企业会计准则解释第19号-的通知.html,,20,cas-20,concepts/accounting-standards/cas-20,html-standard-number,medium,19
interpretation,准则解释,关于印发《企业会计准则解释第19号》的通知,https://kjs.mof.gov.cn/zhengcefabu/202512/t20251218_3979556.htm,raw/standards/accounting/interpretations-pages/关于印发-企业会计准则解释第19号-的通知.html,,22,cas-22,concepts/accounting-standards/cas-22,html-standard-number,medium,19
interpretation,准则解释,关于印发《企业会计准则解释第19号》的通知,https://kjs.mof.gov.cn/zhengcefabu/202512/t20251218_3979556.htm,raw/standards/accounting/interpretations-pages/关于印发-企业会计准则解释第19号-的通知.html,,23,cas-23,concepts/accounting-standards/cas-23,html-standard-number,medium,19
interpretation,准则解释,关于印发《企业会计准则解释第19号》的通知,https://kjs.mof.gov.cn/zhengcefabu/202512/t20251218_3979556.htm,raw/standards/accounting/interpretations-pages/关于印发-企业会计准则解释第19号-的通知.html,,28,cas-28,concepts/accounting-standards/cas-28,html-standard-number,medium,19
interpretation,准则解释,关于印发《企业会计准则解释第19号》的通知,https://kjs.mof.gov.cn/zhengcefabu/202512/t20251218_3979556.htm,raw/standards/accounting/interpretations-pages/关于印发-企业会计准则解释第19号-的通知.html,,30,cas-30,concepts/accounting-standards/cas-30,html-standard-number,medium,19
interpretation,准则解释,关于印发《企业会计准则解释第19号》的通知,https://kjs.mof.gov.cn/zhengcefabu/202512/t20251218_3979556.htm,raw/standards/accounting/interpretations-pages/关于印发-企业会计准则解释第19号-的通知.html,,33,cas-33,concepts/accounting-standards/cas-33,html-standard-number,medium,19
interpretation,准则解释,关于印发《企业会计准则解释第19号》的通知,https://kjs.mof.gov.cn/zhengcefabu/202512/t20251218_3979556.htm,raw/standards/accounting/interpretations-pages/关于印发-企业会计准则解释第19号-的通知.html,,37,cas-37,concepts/accounting-standards/cas-37,html-standard-number,medium,19
interpretation,准则解释,关于印发《企业会计准则解释第20号》的通知,https://kjs.mof.gov.cn/zhengcefabu/202606/t20260615_3991686.htm,raw/standards/accounting/interpretations-pages/关于印发-企业会计准则解释第20号-的通知.html,,19,cas-19,concepts/accounting-standards/cas-19,html-standard-number,medium,20
interpretation,准则解释,关于印发《企业会计准则解释第20号》的通知,https://kjs.mof.gov.cn/zhengcefabu/202606/t20260615_3991686.htm,raw/standards/accounting/interpretations-pages/关于印发-企业会计准则解释第20号-的通知.html,,22,cas-22,concepts/accounting-standards/cas-22,html-standard-number,medium,20
interpretation,准则解释,关于印发《企业会计准则解释第20号》的通知,https://kjs.mof.gov.cn/zhengcefabu/202606/t20260615_3991686.htm,raw/standards/accounting/interpretations-pages/关于印发-企业会计准则解释第20号-的通知.html,,28,cas-28,concepts/accounting-standards/cas-28,html-standard-number,medium,20
application_case,应用案例,收入准则应用案例——运输服务,https://kjs.mof.gov.cn/zt/kjzzss/srzzzq/201812/t20181211_3088434.htm,raw/standards/accounting/application-cases-pages/001-收入准则应用案例-运输服务.html,,14,cas-14,concepts/accounting-standards/cas-14,title-topic-keyword,medium,
application_case,应用案例,收入准则应用案例——合同履约成本（酒店等服务行业的合同成本）,https://kjs.mof.gov.cn/zt/kjzzss/srzzzq/201812/t20181211_3088435.htm,raw/standards/accounting/application-cases-pages/002-收入准则应用案例-合同履约成本-酒店等服务行业的合同成本.html,,14,cas-14,concepts/accounting-standards/cas-14,title-topic-keyword,medium,
application_case,应用案例,收入准则应用案例——合同负债（电商平台预售购物卡）,https://kjs.mof.gov.cn/zt/kjzzss/srzzzq/201812/t20181211_3088436.htm,raw/standards/accounting/application-cases-pages/003-收入准则应用案例-合同负债-电商平台预售购物卡.html,,14,cas-14,concepts/accounting-standards/cas-14,title-topic-keyword,medium,
application_case,应用案例,收入准则应用案例——合同负债（涉及不同增值税率的储值卡）,https://kjs.mof.gov.cn/zt/kjzzss/srzzzq/201812/t20181211_3088437.htm,raw/standards/accounting/application-cases-pages/004-收入准则应用案例-合同负债-涉及不同增值税率的储值卡.html,,14,cas-14,concepts/accounting-standards/cas-14,title-topic-keyword,medium,
application_case,应用案例,收入准则应用案例——亏损合同案例,https://kjs.mof.gov.cn/zt/kjzzss/srzzzq/201812/t20181211_3088438.htm,raw/standards/accounting/application-cases-pages/005-收入准则应用案例-亏损合同案例.html,,14,cas-14,concepts/accounting-standards/cas-14,title-topic-keyword,medium,
application_case,应用案例,收入准则应用案例——定制软件开发服务的收入确认,https://kjs.mof.gov.cn/zt/kjzzss/srzzzq/202007/t20200717_3551278.htm,raw/standards/accounting/application-cases-pages/006-收入准则应用案例-定制软件开发服务的收入确认.html,,14,cas-14,concepts/accounting-standards/cas-14,title-topic-keyword,medium,
application_case,应用案例,收入准则应用案例——药品实验服务的收入确认,https://kjs.mof.gov.cn/zt/kjzzss/srzzzq/202007/t20200717_3551279.htm,raw/standards/accounting/application-cases-pages/007-收入准则应用案例-药品实验服务的收入确认.html,,14,cas-14,concepts/accounting-standards/cas-14,title-topic-keyword,medium,
application_case,应用案例,收入准则应用案例——保荐服务的收入确认,https://kjs.mof.gov.cn/zt/kjzzss/srzzzq/202007/t20200717_3551280.htm,raw/standards/accounting/application-cases-pages/008-收入准则应用案例-保荐服务的收入确认.html,,14,cas-14,concepts/accounting-standards/cas-14,title-topic-keyword,medium,
application_case,应用案例,收入准则应用案例——主要责任人和代理人的判断,https://kjs.mof.gov.cn/zt/kjzzss/srzzzq/202012/t20201211_3634020.htm,raw/standards/accounting/application-cases-pages/009-收入准则应用案例-主要责任人和代理人的判断.html,,14,cas-14,concepts/accounting-standards/cas-14,title-topic-keyword,medium,
application_case,应用案例,收入准则应用案例——合同变更与可变对价的判断,https://kjs.mof.gov.cn/zt/kjzzss/srzzzq/srzzyy/202012/t20201211_3634022.htm,raw/standards/accounting/application-cases-pages/055-收入准则应用案例-合同变更与可变对价的判断.html,,14,cas-14,concepts/accounting-standards/cas-14,url-category-slug,high,
application_case,应用案例,收入准则应用案例——基于客户销售额的可变对价,https://kjs.mof.gov.cn/zt/kjzzss/srzzzq/srzzyy/202012/t20201211_3634023.htm,raw/standards/accounting/application-cases-pages/056-收入准则应用案例-基于客户销售额的可变对价.html,,14,cas-14,concepts/accounting-standards/cas-14,url-category-slug,high,
application_case,应用案例,股份支付准则应用案例——以首次公开募股成功为可行权条件,https://kjs.mof.gov.cn/zt/kjzzss/srzzzq/202105/t20210518_3704069.htm,raw/standards/accounting/application-cases-pages/012-股份支付准则应用案例-以首次公开募股成功为可行权条件.html,,11,cas-11,concepts/accounting-standards/cas-11,title-topic-keyword,medium,
application_case,应用案例,股份支付准则应用案例——“大股东兜底式”股权激励计划,https://kjs.mof.gov.cn/zt/kjzzss/srzzzq/202105/t20210518_3704076.htm,raw/standards/accounting/application-cases-pages/013-股份支付准则应用案例-“大股东兜底式”股权激励计划.html,,11,cas-11,concepts/accounting-standards/cas-11,title-topic-keyword,medium,
application_case,应用案例,股份支付准则应用案例——授予限制性股票,https://kjs.mof.gov.cn/zt/kjzzss/srzzzq/gfzfyyal/202105/t20210518_3704082.htm,raw/standards/accounting/application-cases-pages/040-股份支付准则应用案例-授予限制性股票.html,,11,cas-11,concepts/accounting-standards/cas-11,url-category-slug,high,
application_case,应用案例,股份支付准则应用案例——授予日的确定,https://kjs.mof.gov.cn/zt/kjzzss/srzzzq/gfzfyyal/202105/t20210518_3704084.htm,raw/standards/accounting/application-cases-pages/041-股份支付准则应用案例-授予日的确定.html,,11,cas-11,concepts/accounting-standards/cas-11,url-category-slug,high,
application_case,应用案例,股份支付准则应用案例——实际控制人受让股份是否构成新的股份支付,https://kjs.mof.gov.cn/zt/kjzzss/srzzzq/gfzfyyal/202105/t20210518_3704086.htm,raw/standards/accounting/application-cases-pages/042-股份支付准则应用案例-实际控制人受让股份是否构成新的股份支付.html,,11,cas-11,concepts/accounting-standards/cas-11,url-category-slug,high,
application_case,应用案例,新冠肺炎疫情相关租金减让会计处理应用案例——租赁准则（财会〔2018〕35号）,https://kjs.mof.gov.cn/zt/kjzzss/srzzzq/zlzzyyal/202106/t20210610_3717388.htm,raw/standards/accounting/application-cases-pages/060-新冠肺炎疫情相关租金减让会计处理应用案例-租赁准则-财会〔2018〕35号.html,,21,cas-21,concepts/accounting-standards/cas-21,url-category-slug,high,
application_case,应用案例,新冠肺炎疫情相关租金减让会计处理应用案例——租赁准则（财会〔2006〕3号）（融资租赁）,https://kjs.mof.gov.cn/zt/kjzzss/srzzzq/zlzzyyal/202106/t20210610_3717396.htm,raw/standards/accounting/application-cases-pages/061-新冠肺炎疫情相关租金减让会计处理应用案例-租赁准则-财会〔2006〕3号-融资租赁.html,,21,cas-21,concepts/accounting-standards/cas-21,url-category-slug,high,
application_case,应用案例,新冠肺炎疫情相关租金减让会计处理应用案例——租赁准则（财会〔2006〕3号）（经营租赁）,https://kjs.mof.gov.cn/zt/kjzzss/srzzzq/zlzzyyal/202106/t20210610_3717398.htm,raw/standards/accounting/application-cases-pages/062-新冠肺炎疫情相关租金减让会计处理应用案例-租赁准则-财会〔2006〕3号-经营租赁.html,,21,cas-21,concepts/accounting-standards/cas-21,url-category-slug,high,
application_case,应用案例,PPP项目合同社会资本方会计处理应用案例——无形资产模式,https://kjs.mof.gov.cn/zt/kjzzss/srzzzq/202108/t20210810_3744013.htm,raw/standards/accounting/application-cases-pages/020-PPP项目合同社会资本方会计处理应用案例-无形资产模式.html,,6,cas-06,concepts/accounting-standards/cas-06,title-topic-keyword,medium,
application_case,应用案例,PPP项目合同社会资本方会计处理应用案例——金融资产模式,https://kjs.mof.gov.cn/zt/kjzzss/srzzzq/202108/t20210810_3744014.htm,raw/standards/accounting/application-cases-pages/021-PPP项目合同社会资本方会计处理应用案例-金融资产模式.html,,,unmapped,,unmapped,low,
application_case,应用案例,PPP项目合同社会资本方会计处理应用案例——混合模式,https://kjs.mof.gov.cn/zt/kjzzss/srzzzq/202108/t20210810_3744016.htm,raw/standards/accounting/application-cases-pages/022-PPP项目合同社会资本方会计处理应用案例-混合模式.html,,,unmapped,,unmapped,low,
application_case,应用案例,资金集中管理会计处理应用案例,https://kjs.mof.gov.cn/zt/kjzzss/srzzzq/202201/t20220124_3784577.htm,raw/standards/accounting/application-cases-pages/023-资金集中管理会计处理应用案例.html,,,unmapped,,unmapped,low,
application_case,应用案例,金融负债与权益工具的区分应用案例 ——对减资程序的考虑,https://kjs.mof.gov.cn/zt/kjzzss/srzzzq/202209/t20220913_3839955.htm,raw/standards/accounting/application-cases-pages/024-金融负债与权益工具的区分应用案例-对减资程序的考虑.html,,37,cas-37,concepts/accounting-standards/cas-37,title-topic-keyword,medium,
application_case,应用案例,金融负债与权益工具的区分应用案例 ——中止和恢复回售权,https://kjs.mof.gov.cn/zt/kjzzss/srzzzq/202209/t20220913_3839956.htm,raw/standards/accounting/application-cases-pages/025-金融负债与权益工具的区分应用案例-中止和恢复回售权.html,,37,cas-37,concepts/accounting-standards/cas-37,title-topic-keyword,medium,
application_case,应用案例,金融负债与权益工具的区分应用案例 ——补充协议导致发行人义务变化,https://kjs.mof.gov.cn/zt/kjzzss/srzzzq/202209/t20220913_3839957.htm,raw/standards/accounting/application-cases-pages/026-金融负债与权益工具的区分应用案例-补充协议导致发行人义务变化.html,,37,cas-37,concepts/accounting-standards/cas-37,title-topic-keyword,medium,
application_case,应用案例,金融负债与权益工具的区分应用案例 ——发行人作为合同一方承担的义务,https://kjs.mof.gov.cn/zt/kjzzss/srzzzq/202209/t20220913_3839959.htm,raw/standards/accounting/application-cases-pages/027-金融负债与权益工具的区分应用案例-发行人作为合同一方承担的义务.html,,37,cas-37,concepts/accounting-standards/cas-37,title-topic-keyword,medium,
application_case,应用案例,金融负债与权益工具的区分应用案例 ——投资者保护条款,https://kjs.mof.gov.cn/zt/kjzzss/srzzzq/202209/t20220913_3839960.htm,raw/standards/accounting/application-cases-pages/028-金融负债与权益工具的区分应用案例-投资者保护条款.html,,37,cas-37,concepts/accounting-standards/cas-37,title-topic-keyword,medium,
application_case,应用案例,收入准则应用案例——标准化软件产品的收入确认时点,https://kjs.mof.gov.cn/zt/kjzzss/srzzzq/srzzyy/202301/t20230103_3861817.htm,raw/standards/accounting/application-cases-pages/057-收入准则应用案例-标准化软件产品的收入确认时点.html,,14,cas-14,concepts/accounting-standards/cas-14,url-category-slug,high,
application_case,应用案例,股份支付准则应用案例——企业将以现金结算的股份支付修改为以权益结算的股份支付,https://kjs.mof.gov.cn/zt/kjzzss/srzzzq/gfzfyyal/202302/t20230228_3869796.htm,raw/standards/accounting/application-cases-pages/043-股份支付准则应用案例-企业将以现金结算的股份支付修改为以权益结算的股份支付.html,,11,cas-11,concepts/accounting-standards/cas-11,url-category-slug,high,
application_case,应用案例,所得税准则应用案例——单项交易产生的资产和负债相关的递延所得税不适用初始确认豁免的会计处理,https://kjs.mof.gov.cn/zt/kjzzss/srzzzq/sdszzyyal/202304/t20230404_3877087.htm,raw/standards/accounting/application-cases-pages/054-所得税准则应用案例-单项交易产生的资产和负债相关的递延所得税不适用初始确认豁免的会计处理.html,,18,cas-18,concepts/accounting-standards/cas-18,url-category-slug,high,
application_case,应用案例,预期信用损失法应用案例（一）——以内部评级体系为基础,https://kjs.mof.gov.cn/zt/kjzzss/srzzzq/jrgjzzyy/202307/t20230717_3896707.htm,raw/standards/accounting/application-cases-pages/047-预期信用损失法应用案例-一-以内部评级体系为基础.html,,22,cas-22,concepts/accounting-standards/cas-22,url-category-slug,high,
application_case,应用案例,预期信用损失法应用案例（二）——不以内部评级体系为基础的简化方法,https://kjs.mof.gov.cn/zt/kjzzss/srzzzq/jrgjzzyy/202307/t20230717_3896711.htm,raw/standards/accounting/application-cases-pages/048-预期信用损失法应用案例-二-不以内部评级体系为基础的简化方法.html,,22,cas-22,concepts/accounting-standards/cas-22,url-category-slug,high,
application_case,应用案例,收入准则应用案例——预售商品房的收入确认,https://kjs.mof.gov.cn/zt/kjzzss/srzzzq/srzzyy/202310/t20231031_3914057.htm,raw/standards/accounting/application-cases-pages/058-收入准则应用案例-预售商品房的收入确认.html,,14,cas-14,concepts/accounting-standards/cas-14,url-category-slug,high,
application_case,应用案例,租赁准则应用案例——卖方兼承租人对包含非取决于指数或比率的可变租赁付款额的售后租回交易的会计处理,https://kjs.mof.gov.cn/zt/kjzzss/srzzzq/zlzzyyal/202312/t20231207_3920279.htm,raw/standards/accounting/application-cases-pages/063-租赁准则应用案例-卖方兼承租人对包含非取决于指数或比率的可变租赁付款额的售后租回交易的会计处理.html,,21,cas-21,concepts/accounting-standards/cas-21,url-category-slug,high,
application_case,应用案例,股份支付准则应用案例——股份支付的修改导致所授予权益工具的公允价值增加,https://kjs.mof.gov.cn/zt/kjzzss/srzzzq/gfzfyyal/202406/t20240620_3937581.htm,raw/standards/accounting/application-cases-pages/044-股份支付准则应用案例-股份支付的修改导致所授予权益工具的公允价值增加.html,,11,cas-11,concepts/accounting-standards/cas-11,url-category-slug,high,
application_case,应用案例,收入准则应用案例——充（供）电业务的收入确认,https://kjs.mof.gov.cn/zt/kjzzss/srzzzq/srzzyy/202504/t20250417_3962197.htm,raw/standards/accounting/application-cases-pages/059-收入准则应用案例-充-供-电业务的收入确认.html,,14,cas-14,concepts/accounting-standards/cas-14,url-category-slug,high,
application_case,应用案例,金融工具列报应用案例——指定为以公允价值计量且其变动计入其他综合收益的权益工具投资...,https://kjs.mof.gov.cn/zt/kjzzss/srzzzq/202604/t20260430_3988929.htm,raw/standards/accounting/application-cases-pages/038-金融工具列报应用案例-指定为以公允价值计量且其变动计入其他综合收益的权益工具投资....html,,37,cas-37,concepts/accounting-standards/cas-37,title-topic-keyword,medium,
application_case,应用案例,金融工具列报应用案例——指定为以公允价值计量且其变动计入其他综合收益的权益工具投资...,https://kjs.mof.gov.cn/zt/kjzzss/srzzzq/202604/t20260430_3988929.htm,raw/standards/accounting/application-cases-pages/038-金融工具列报应用案例-指定为以公允价值计量且其变动计入其他综合收益的权益工具投资....html,,39,cas-39,concepts/accounting-standards/cas-39,title-topic-keyword,medium,
application_case,应用案例,企业合并准则应用案例——补偿性资产的会计处理,https://kjs.mof.gov.cn/zt/kjzzss/srzzzq/qyhbzzyyal/202606/t20260618_3991875.htm,raw/standards/accounting/application-cases-pages/053-企业合并准则应用案例-补偿性资产的会计处理.html,,20,cas-20,concepts/accounting-standards/cas-20,url-category-slug,high,
application_case,应用案例,金融负债与权益工具的区分应用案例 ——发行人作为合同一方承担的义务,https://kjs.mof.gov.cn/zt/kjzzss/srzzzq/jrgjzzyy/202209/t20220913_3839959.htm,raw/standards/accounting/application-cases-pages/045-金融负债与权益工具的区分应用案例-发行人作为合同一方承担的义务.html,,22,cas-22,concepts/accounting-standards/cas-22,url-category-slug,high,
application_case,应用案例,金融负债与权益工具的区分应用案例 ——投资者保护条款,https://kjs.mof.gov.cn/zt/kjzzss/srzzzq/jrgjzzyy/202209/t20220913_3839960.htm,raw/standards/accounting/application-cases-pages/046-金融负债与权益工具的区分应用案例-投资者保护条款.html,,22,cas-22,concepts/accounting-standards/cas-22,url-category-slug,high,
application_case,应用案例,金融工具列报应用案例——指定为以公允价值计量且其变动计入其他综合收益的权益工具投资的披露,https://kjs.mof.gov.cn/zt/kjzzss/srzzzq/jrgjzzyy/202604/t20260430_3988929.htm,raw/standards/accounting/application-cases-pages/049-金融工具列报应用案例-指定为以公允价值计量且其变动计入其他综合收益的权益工具投资的披露.html,,22,cas-22,concepts/accounting-standards/cas-22,url-category-slug,high,
implementation_qa,实施问答,问：企业在执行《企业会计准则第14号——收入》（财会〔2017〕22号）时，对于给予客户的现金折扣应当如何进行会计处理？,https://kjs.mof.gov.cn/zt/kjzzss/sswd/srzzsswd/202012/t20201211_3634029.htm,raw/standards/accounting/implementation-qa-pages-v2/qa-136.html,136,14,cas-14,concepts/accounting-standards/cas-14,title-standard-number,high,
implementation_qa,实施问答,问：企业在执行《企业会计准则第14号——收入》（财会〔2017〕22号）时，对于因转让商品收到的预收款及相关增值税应当使用什么会计科目？,https://kjs.mof.gov.cn/zt/kjzzss/sswd/srzzsswd/202012/t20201211_3634031.htm,raw/standards/accounting/implementation-qa-pages-v2/qa-137.html,137,14,cas-14,concepts/accounting-standards/cas-14,title-standard-number,high,
implementation_qa,实施问答,问：合同资产发生减值的，应当计入哪个会计科目？,https://kjs.mof.gov.cn/zt/kjzzss/sswd/srzzsswd/202012/t20201211_3634035.htm,raw/standards/accounting/implementation-qa-pages-v2/qa-138.html,138,14,cas-14,concepts/accounting-standards/cas-14,url-category-slug,high,
implementation_qa,实施问答,问：已执行《企业会计准则第22号——金融工具确认和计量》（财会〔2017〕7号）的企业，在首次执行《企业会计准则第14号——收入》（财会〔2017〕22号）时，是否需要对新产生的应收账款或合同资产的预期信用损失进行追溯调整？,https://kjs.mof.gov.cn/zt/kjzzss/sswd/srzzsswd/202012/t20201211_3634036.htm,raw/standards/accounting/implementation-qa-pages-v2/qa-139.html,139,22,cas-22,concepts/accounting-standards/cas-22,title-standard-number,high,
implementation_qa,实施问答,问：用于开发建造房屋建筑物的土地使用权是否满足《企业会计准则第17号——借款费用》（财会〔2006〕3号）关于“符合资本化条件的资产”的定义？,https://kjs.mof.gov.cn/zt/kjzzss/sswd/jkwd/202012/t20201211_3634037.htm,raw/standards/accounting/implementation-qa-pages-v2/qa-114.html,114,17,cas-17,concepts/accounting-standards/cas-17,title-standard-number,high,
implementation_qa,实施问答,问：企业对于当期直接减免的增值税，应当如何进行会计处理？,https://kjs.mof.gov.cn/zt/kjzzss/sswd/202012/t20201211_3634038.htm,raw/standards/accounting/implementation-qa-pages-v2/qa-006.html,6,,unmapped,,unmapped,low,
implementation_qa,实施问答,问：小微企业达到增值税制度规定的免征增值税条件时，应当如何进行会计处理？,https://kjs.mof.gov.cn/zt/kjzzss/sswd/202012/t20201211_3634040.htm,raw/standards/accounting/implementation-qa-pages-v2/qa-007.html,7,,unmapped,,unmapped,low,
implementation_qa,实施问答,问：企业缴纳残疾人就业保障金应当计入哪个会计科目？,https://kjs.mof.gov.cn/zt/kjzzss/sswd/202012/t20201211_3634041.htm,raw/standards/accounting/implementation-qa-pages-v2/qa-008.html,8,,unmapped,,unmapped,low,
implementation_qa,实施问答,问：某国内企业的境外母公司在集团内实施股权激励计划且适用股份支付准则，该国内企业无结算义务，该国内企业应当如何对其员工享有的股权激励计划进行会计处理？,https://kjs.mof.gov.cn/zt/kjzzss/sswd/gfzzsswd/202103/t20210302_3664183.htm,raw/standards/accounting/implementation-qa-pages-v2/qa-110.html,110,11,cas-11,concepts/accounting-standards/cas-11,url-category-slug,high,
implementation_qa,实施问答,问：债务人以存货清偿债务方式进行的债务重组，是否应当作为存货销售进行会计处理？,https://kjs.mof.gov.cn/zt/kjzzss/sswd/202103/t20210302_3664186.htm,raw/standards/accounting/implementation-qa-pages-v2/qa-010.html,10,1,cas-01,concepts/accounting-standards/cas-01,title-topic-keyword,medium,
implementation_qa,实施问答,问：债务人以存货清偿债务方式进行的债务重组，是否应当作为存货销售进行会计处理？,https://kjs.mof.gov.cn/zt/kjzzss/sswd/zwcz/202103/t20210302_3664186.htm,raw/standards/accounting/implementation-qa-pages-v2/qa-160.html,160,12,cas-12,concepts/accounting-standards/cas-12,url-category-slug,high,
implementation_qa,实施问答,问：债务重组的方式主要包括债务人以资产清偿债务、将债务转为权益工具、修改其他条款，以及前述一种以上方式的组合。企业如何判断所进行的债务重组是否属于将债务转为权益工具（“债转股”）方式？,https://kjs.mof.gov.cn/zt/kjzzss/sswd/zwcz/202103/t20210302_3664187.htm,raw/standards/accounting/implementation-qa-pages-v2/qa-161.html,161,12,cas-12,concepts/accounting-standards/cas-12,url-category-slug,high,
implementation_qa,实施问答,问：债务人能否在债务重组合同签署时确认债务重组损益？,https://kjs.mof.gov.cn/zt/kjzzss/sswd/zwcz/202103/t20210302_3664190.htm,raw/standards/accounting/implementation-qa-pages-v2/qa-162.html,162,12,cas-12,concepts/accounting-standards/cas-12,url-category-slug,high,
implementation_qa,实施问答,问：外币预收账款和预付账款是货币性项目还是非货币性项目，上述项目在资产负债表日是否...,https://kjs.mof.gov.cn/zt/kjzzss/sswd/202103/t20210302_3664191.htm,raw/standards/accounting/implementation-qa-pages-v2/qa-013.html,13,,unmapped,,unmapped,low,
implementation_qa,实施问答,问：某租赁合同约定，初始租赁期为1年，如有一方撤销租赁将支付重大罚金，1年期满后，如...,https://kjs.mof.gov.cn/zt/kjzzss/sswd/202103/t20210302_3664192.htm,raw/standards/accounting/implementation-qa-pages-v2/qa-014.html,14,21,cas-21,concepts/accounting-standards/cas-21,title-topic-keyword,medium,
implementation_qa,实施问答,问：某租赁合同约定，承租人租赁设备用于生产A产品，租赁期为5年，每年的租赁付款额按照...,https://kjs.mof.gov.cn/zt/kjzzss/sswd/202103/t20210302_3664195.htm,raw/standards/accounting/implementation-qa-pages-v2/qa-015.html,15,21,cas-21,concepts/accounting-standards/cas-21,title-topic-keyword,medium,
implementation_qa,实施问答,问：某租赁合同变更导致租赁期缩短至1年以内，承租人应当如何进行会计处理？是否允许改按...,https://kjs.mof.gov.cn/zt/kjzzss/sswd/202103/t20210302_3664197.htm,raw/standards/accounting/implementation-qa-pages-v2/qa-016.html,16,21,cas-21,concepts/accounting-standards/cas-21,title-topic-keyword,medium,
implementation_qa,实施问答,问：承租人于新冠肺炎疫情期间欠付租金，出租人应当如何进行会计处理？,https://kjs.mof.gov.cn/zt/kjzzss/sswd/202103/t20210302_3664201.htm,raw/standards/accounting/implementation-qa-pages-v2/qa-017.html,17,,unmapped,,unmapped,low,
implementation_qa,实施问答,问：某企业执行《企业会计准则第22号——金融工具确认和计量》（财会〔2017〕7号）、《企...,https://kjs.mof.gov.cn/zt/kjzzss/sswd/202103/t20210302_3664202.htm,raw/standards/accounting/implementation-qa-pages-v2/qa-018.html,18,22,cas-22,concepts/accounting-standards/cas-22,title-standard-number,high,
implementation_qa,实施问答,问：封闭式基金、理财产品、信托计划等寿命固定或可确定的结构化主体，是否符合持续经营...,https://kjs.mof.gov.cn/zt/kjzzss/sswd/202103/t20210302_3664205.htm,raw/standards/accounting/implementation-qa-pages-v2/qa-019.html,19,,unmapped,,unmapped,low,
implementation_qa,实施问答,问：如果企业判断以“贷款基准利率”为基础确定利息的金融资产符合本金加利息的合同现金...,https://kjs.mof.gov.cn/zt/kjzzss/sswd/202103/t20210302_3664208.htm,raw/standards/accounting/implementation-qa-pages-v2/qa-020.html,20,,unmapped,,unmapped,low,
implementation_qa,实施问答,问：某企业于资产负债表日对金融资产计提损失准备，资产负债表日至财务报告批准报出日之...,https://kjs.mof.gov.cn/zt/kjzzss/sswd/202103/t20210302_3664210.htm,raw/standards/accounting/implementation-qa-pages-v2/qa-021.html,21,,unmapped,,unmapped,low,
implementation_qa,实施问答,问：企业应当如何判断某项投资的会计处理适用《企业会计准则第2号——长期股权投资》（财...,https://kjs.mof.gov.cn/zt/kjzzss/sswd/202103/t20210302_3664211.htm,raw/standards/accounting/implementation-qa-pages-v2/qa-022.html,22,2,cas-02,concepts/accounting-standards/cas-02,title-standard-number,high,
implementation_qa,实施问答,问：企业支付永续债利息的会计处理是否与税务处理一致？,https://kjs.mof.gov.cn/zt/kjzzss/sswd/202103/t20210302_3664213.htm,raw/standards/accounting/implementation-qa-pages-v2/qa-023.html,23,,unmapped,,unmapped,low,
implementation_qa,实施问答,问：在金融工具确认计量准则施行日，将原分类为可供出售金融资产的权益工具投资按照准则...,https://kjs.mof.gov.cn/zt/kjzzss/sswd/202103/t20210302_3664215.htm,raw/standards/accounting/implementation-qa-pages-v2/qa-024.html,24,,unmapped,,unmapped,low,
implementation_qa,实施问答,问：企业从事的融资担保、信用证、信用保险等“财务担保合同”业务，应当适用保险合同相...,https://kjs.mof.gov.cn/zt/kjzzss/sswd/202103/t20210302_3664216.htm,raw/standards/accounting/implementation-qa-pages-v2/qa-025.html,25,25,cas-25,concepts/accounting-standards/cas-25,title-topic-keyword,medium,
implementation_qa,实施问答,问：企业在非同一控制下的企业合并中确认的或有对价构成金融资产的，应当分类为何种金融...,https://kjs.mof.gov.cn/zt/kjzzss/sswd/202103/t20210302_3664218.htm,raw/standards/accounting/implementation-qa-pages-v2/qa-026.html,26,20,cas-20,concepts/accounting-standards/cas-20,title-topic-keyword,medium,
implementation_qa,实施问答,问：企业按照管理金融资产的业务模式对相关金融资产进行分类，在评估确定管理金融资产的...,https://kjs.mof.gov.cn/zt/kjzzss/sswd/202103/t20210302_3664220.htm,raw/standards/accounting/implementation-qa-pages-v2/qa-027.html,27,,unmapped,,unmapped,low,
implementation_qa,实施问答,问：新冠肺炎疫情下，企业在应用预期信用损失法时应重点关注哪些问题？,https://kjs.mof.gov.cn/zt/kjzzss/sswd/202103/t20210302_3664223.htm,raw/standards/accounting/implementation-qa-pages-v2/qa-028.html,28,22,cas-22,concepts/accounting-standards/cas-22,title-topic-keyword,medium,
implementation_qa,实施问答,问：债权人和债务人以资产清偿债务方式进行债务重组的，债权人初始确认受让非金融资产时，应以放弃债权的公允价值和可直接归属于受让资产的其他成本作为受让资产初始计量成本。应当如何理解放弃债权公允价值与受让资产公允价值之间的关系？,https://kjs.mof.gov.cn/zt/kjzzss/sswd/zwcz/202104/t20210425_3691695.htm,raw/standards/accounting/implementation-qa-pages-v2/qa-163.html,163,12,cas-12,concepts/accounting-standards/cas-12,url-category-slug,high,
implementation_qa,实施问答,问：承租人偿还租赁负债本金和利息、支付预付租金以及租赁保证金所支付的现金在现金流量表中应当如何列报？,https://kjs.mof.gov.cn/zt/kjzzss/sswd/zlzzsswd/202104/t20210425_3691861.htm,raw/standards/accounting/implementation-qa-pages-v2/qa-155.html,155,21,cas-21,concepts/accounting-standards/cas-21,url-category-slug,high,
implementation_qa,实施问答,问：承租人发生的租赁资产改良支出及其导致的预计复原支出应当如何进行会计处理？,https://kjs.mof.gov.cn/zt/kjzzss/sswd/zlzzsswd/202104/t20210425_3691863.htm,raw/standards/accounting/implementation-qa-pages-v2/qa-156.html,156,21,cas-21,concepts/accounting-standards/cas-21,url-category-slug,high,
implementation_qa,实施问答,问：租赁期不超过12个月且包含购买选择权的租赁是否属于短期租赁？,https://kjs.mof.gov.cn/zt/kjzzss/sswd/zlzzsswd/202104/t20210425_3691864.htm,raw/standards/accounting/implementation-qa-pages-v2/qa-157.html,157,21,cas-21,concepts/accounting-standards/cas-21,url-category-slug,high,
implementation_qa,实施问答,问：对于按照金融工具列报准则第三章分类为权益工具的特殊金融工具，发行方在企业个别财...,https://kjs.mof.gov.cn/zt/kjzzss/sswd/202104/t20210425_3691866.htm,raw/standards/accounting/implementation-qa-pages-v2/qa-033.html,33,37,cas-37,concepts/accounting-standards/cas-37,title-topic-keyword,medium,
implementation_qa,实施问答,问：企业应当如何对持有的结构性存款进行会计处理，假设该结构性存款符合《中国银保监会...,https://kjs.mof.gov.cn/zt/kjzzss/sswd/202104/t20210425_3691867.htm,raw/standards/accounting/implementation-qa-pages-v2/qa-034.html,34,,unmapped,,unmapped,low,
implementation_qa,实施问答,问：企业对向其他企业提供的委托贷款、财务担保或向集团关联企业提供的资金借贷等进行减...,https://kjs.mof.gov.cn/zt/kjzzss/sswd/202104/t20210425_3691868.htm,raw/standards/accounting/implementation-qa-pages-v2/qa-035.html,35,,unmapped,,unmapped,low,
implementation_qa,实施问答,问：银行从事信用卡分期还款业务按实际利率法计算的利息收入，应当作为“利息收入”还是...,https://kjs.mof.gov.cn/zt/kjzzss/sswd/202104/t20210425_3691869.htm,raw/standards/accounting/implementation-qa-pages-v2/qa-036.html,36,14,cas-14,concepts/accounting-standards/cas-14,title-topic-keyword,medium,
implementation_qa,实施问答,问：银行收回已核销的贷款，应当如何进行会计处理？,https://kjs.mof.gov.cn/zt/kjzzss/sswd/202104/t20210425_3691870.htm,raw/standards/accounting/implementation-qa-pages-v2/qa-037.html,37,,unmapped,,unmapped,low,
implementation_qa,实施问答,问：在金融工具确认计量准则施行日，将可供出售金融资产分类为以公允价值计量且其变动计...,https://kjs.mof.gov.cn/zt/kjzzss/sswd/202104/t20210425_3691871.htm,raw/standards/accounting/implementation-qa-pages-v2/qa-038.html,38,39,cas-39,concepts/accounting-standards/cas-39,title-topic-keyword,medium,
implementation_qa,实施问答,问：如果企业持有的金融资产以收取合同现金流量为目标，企业是否完全不能或者只能在一定...,https://kjs.mof.gov.cn/zt/kjzzss/sswd/202104/t20210425_3691872.htm,raw/standards/accounting/implementation-qa-pages-v2/qa-039.html,39,,unmapped,,unmapped,low,
implementation_qa,实施问答,问：某企业执行2017年修订发布的企业会计准则第22、23、24和37号。该企业的联营（或合营...,https://kjs.mof.gov.cn/zt/kjzzss/sswd/202104/t20210425_3691992.htm,raw/standards/accounting/implementation-qa-pages-v2/qa-040.html,40,,unmapped,,unmapped,low,
implementation_qa,实施问答,问：承租人与出租人签订租赁期为1年的租赁合同，能否简单认定该租赁为短期租赁？,https://kjs.mof.gov.cn/zt/kjzzss/sswd/zlzzsswd/202106/t20210610_3717408.htm,raw/standards/accounting/implementation-qa-pages-v2/qa-158.html,158,21,cas-21,concepts/accounting-standards/cas-21,url-category-slug,high,
implementation_qa,实施问答,问：社会资本方执行《企业会计准则解释第14号》时，应当如何应用“双特征”？,https://kjs.mof.gov.cn/zt/kjzzss/sswd/202108/t20210810_3744017.htm,raw/standards/accounting/implementation-qa-pages-v2/qa-042.html,42,,unmapped,,unmapped,low,14
implementation_qa,实施问答,问：社会资本方执行《企业会计准则解释第14号》时，应当如何应用“双控制”条件（1）“政...,https://kjs.mof.gov.cn/zt/kjzzss/sswd/202108/t20210810_3744018.htm,raw/standards/accounting/implementation-qa-pages-v2/qa-043.html,43,,unmapped,,unmapped,low,14
implementation_qa,实施问答,问：社会资本方执行《企业会计准则解释第14号》时，应当如何应用“双控制”条件（2）“PP...,https://kjs.mof.gov.cn/zt/kjzzss/sswd/202108/t20210810_3744019.htm,raw/standards/accounting/implementation-qa-pages-v2/qa-044.html,44,,unmapped,,unmapped,low,14
implementation_qa,实施问答,问：社会资本方执行《企业会计准则解释第14号》时，当PPP项目资产部分受到政府方控制时，...,https://kjs.mof.gov.cn/zt/kjzzss/sswd/202108/t20210810_3744020.htm,raw/standards/accounting/implementation-qa-pages-v2/qa-045.html,45,,unmapped,,unmapped,low,14
implementation_qa,实施问答,问：社会资本方执行《企业会计准则解释第14号》时，社会资本方在PPP项目建造期间形成的合...,https://kjs.mof.gov.cn/zt/kjzzss/sswd/202108/t20210810_3744021.htm,raw/standards/accounting/implementation-qa-pages-v2/qa-046.html,46,,unmapped,,unmapped,low,14
implementation_qa,实施问答,问：社会资本方执行《企业会计准则解释第14号》时，社会资本方在PPP项目建造期间发生的借...,https://kjs.mof.gov.cn/zt/kjzzss/sswd/202108/t20210810_3744022.htm,raw/standards/accounting/implementation-qa-pages-v2/qa-047.html,47,,unmapped,,unmapped,low,14
implementation_qa,实施问答,问：社会资本方执行《企业会计准则解释第14号》时，社会资本方在PPP项目建造期间发生的建...,https://kjs.mof.gov.cn/zt/kjzzss/sswd/202108/t20210810_3744024.htm,raw/standards/accounting/implementation-qa-pages-v2/qa-048.html,48,,unmapped,,unmapped,low,14
implementation_qa,实施问答,问：社会资本方执行《企业会计准则解释第14号》时，集团合并范围内甲公司（发包方）承接P...,https://kjs.mof.gov.cn/zt/kjzzss/sswd/202108/t20210810_3744025.htm,raw/standards/accounting/implementation-qa-pages-v2/qa-049.html,49,,unmapped,,unmapped,low,14
implementation_qa,实施问答,问：社会资本方执行《企业会计准则解释第14号》时，如何确定履约义务的单独售价？,https://kjs.mof.gov.cn/zt/kjzzss/sswd/202108/t20210810_3744028.htm,raw/standards/accounting/implementation-qa-pages-v2/qa-050.html,50,,unmapped,,unmapped,low,14
implementation_qa,实施问答,问：社会资本方执行《企业会计准则解释第14号》时，社会资本方应当如何对PPP项目合同进行...,https://kjs.mof.gov.cn/zt/kjzzss/sswd/202108/t20210810_3744029.htm,raw/standards/accounting/implementation-qa-pages-v2/qa-051.html,51,,unmapped,,unmapped,low,14
implementation_qa,实施问答,问：社会资本方执行《企业会计准则解释第14号》时，如何对2020年12月31日前开始实施且至...,https://kjs.mof.gov.cn/zt/kjzzss/sswd/202108/t20210810_3744030.htm,raw/standards/accounting/implementation-qa-pages-v2/qa-052.html,52,,unmapped,,unmapped,low,14
implementation_qa,实施问答,问：某集团公司新设一家子公司，将现有其他子公司或业务注入该新设公司，假定在新设公司...,https://kjs.mof.gov.cn/zt/kjzzss/sswd/202111/t20211102_3762826.htm,raw/standards/accounting/implementation-qa-pages-v2/qa-053.html,53,,unmapped,,unmapped,low,
implementation_qa,实施问答,问：企业为了履行收入合同而从事的运输活动，如果该运输活动不构成单项履约义务，相关运输成本作为合同履约成本，对合同履约成本进行摊销计入损益时如何在利润表中列示？,https://kjs.mof.gov.cn/zt/kjzzss/sswd/srzzsswd/202111/t20211102_3762833.htm,raw/standards/accounting/implementation-qa-pages-v2/qa-140.html,140,14,cas-14,concepts/accounting-standards/cas-14,url-category-slug,high,
implementation_qa,实施问答,问：不符合固定资产资本化后续支出条件的固定资产日常修理费用应如何进行会计处理？,https://kjs.mof.gov.cn/zt/kjzzss/sswd/gdzczzsswd/202111/t20211102_3762834.htm,raw/standards/accounting/implementation-qa-pages-v2/qa-108.html,108,4,cas-04,concepts/accounting-standards/cas-04,url-category-slug,high,
implementation_qa,实施问答,问：联营企业或合营企业自2021年1月1日起执行新收入准则、新金融工具准则、新租赁准则（...,https://kjs.mof.gov.cn/zt/kjzzss/sswd/202111/t20211102_3762836.htm,raw/standards/accounting/implementation-qa-pages-v2/qa-056.html,56,14,cas-14,concepts/accounting-standards/cas-14,title-topic-keyword,medium,
implementation_qa,实施问答,问：联营企业或合营企业自2021年1月1日起执行新收入准则、新金融工具准则、新租赁准则（...,https://kjs.mof.gov.cn/zt/kjzzss/sswd/202111/t20211102_3762836.htm,raw/standards/accounting/implementation-qa-pages-v2/qa-056.html,56,21,cas-21,concepts/accounting-standards/cas-21,title-topic-keyword,medium,
implementation_qa,实施问答,问：对于首次执行企业会计准则的企业，在首次执行日应当如何执行《企业会计准则第38号——首次执行企业会计准则》和2006年之后发布并施行的企业会计准则及解释中的相关衔接规定？,https://kjs.mof.gov.cn/zt/kjzzss/sswd/sczxzzsswd/202111/t20211102_3762840.htm,raw/standards/accounting/implementation-qa-pages-v2/qa-134.html,134,38,cas-38,concepts/accounting-standards/cas-38,title-standard-number,high,
implementation_qa,实施问答,问：执行《小企业会计准则》的企业作为个人所得税的扣缴义务人，根据《中华人民共和国个...,https://kjs.mof.gov.cn/zt/kjzzss/sswd/202111/t20211102_3762844.htm,raw/standards/accounting/implementation-qa-pages-v2/qa-058.html,58,18,cas-18,concepts/accounting-standards/cas-18,title-topic-keyword,medium,
implementation_qa,实施问答,《新冠肺炎疫情相关租金减让会计处理规定》简化处理方法适用问答,https://kjs.mof.gov.cn/zt/kjzzss/sswd/202205/t20220527_3813704.htm,raw/standards/accounting/implementation-qa-pages-v2/qa-059.html,59,,unmapped,,unmapped,low,
implementation_qa,实施问答,问：甲公司租赁某物业，租赁期为5年，每3个月支付一次租金。为支持甲公司经营发展，当地...,https://kjs.mof.gov.cn/zt/kjzzss/sswd/202206/t20220621_3819697.htm,raw/standards/accounting/implementation-qa-pages-v2/qa-060.html,60,21,cas-21,concepts/accounting-standards/cas-21,title-topic-keyword,medium,
implementation_qa,实施问答,问：甲公司在202×年报告期内处置了唯一的子公司，并且于202×年12月31日已经没有子公司...,https://kjs.mof.gov.cn/zt/kjzzss/sswd/202206/t20220621_3819698.htm,raw/standards/accounting/implementation-qa-pages-v2/qa-061.html,61,,unmapped,,unmapped,low,
implementation_qa,实施问答,问：执行企业会计准则的企业应当如何对增值税期末留抵退税业务相关现金流量进行列示？,https://kjs.mof.gov.cn/zt/kjzzss/sswd/202206/t20220621_3819699.htm,raw/standards/accounting/implementation-qa-pages-v2/qa-062.html,62,,unmapped,,unmapped,low,
implementation_qa,实施问答,问：执行《小企业会计准则》的企业应当如何对增值税期末留抵退税业务相关现金流量进行列示？,https://kjs.mof.gov.cn/zt/kjzzss/sswd/202206/t20220621_3819702.htm,raw/standards/accounting/implementation-qa-pages-v2/qa-063.html,63,,unmapped,,unmapped,low,
implementation_qa,实施问答,问：投资方与其联营企业或合营企业之间发生投出或出售资产交易（构成业务的除外）而产生...,https://kjs.mof.gov.cn/zt/kjzzss/sswd/202301/t20230103_3861811.htm,raw/standards/accounting/implementation-qa-pages-v2/qa-064.html,64,,unmapped,,unmapped,low,
implementation_qa,实施问答,问：上市公司乙公司是甲公司的联营企业。乙公司向员工以非公开发行的方式授予限售期为3年...,https://kjs.mof.gov.cn/zt/kjzzss/sswd/202301/t20230103_3861812.htm,raw/standards/accounting/implementation-qa-pages-v2/qa-065.html,65,,unmapped,,unmapped,low,
implementation_qa,实施问答,问：汽车销售企业在日常活动中购进并用于销售的二手车，应当如何进行会计处理？,https://kjs.mof.gov.cn/zt/kjzzss/sswd/202301/t20230103_3861813.htm,raw/standards/accounting/implementation-qa-pages-v2/qa-066.html,66,,unmapped,,unmapped,low,
implementation_qa,实施问答,问：如果子公司执行新保险合同会计准则的时间晚于集团公司，子公司应当如何按照新保险合...,https://kjs.mof.gov.cn/zt/kjzzss/sswd/202303/t20230313_3872123.htm,raw/standards/accounting/implementation-qa-pages-v2/qa-067.html,67,25,cas-25,concepts/accounting-standards/cas-25,title-topic-keyword,medium,
implementation_qa,实施问答,问：对于具有直接参与分红特征的保险合同，企业选择将保险合同金融变动额分解计入当期保...,https://kjs.mof.gov.cn/zt/kjzzss/sswd/202303/t20230313_3872125.htm,raw/standards/accounting/implementation-qa-pages-v2/qa-068.html,68,25,cas-25,concepts/accounting-standards/cas-25,title-topic-keyword,medium,
implementation_qa,实施问答,问：根据新保险合同会计准则，企业如何采用“自下而上的方法”确定不随基础项目回报而变...,https://kjs.mof.gov.cn/zt/kjzzss/sswd/202303/t20230313_3872126.htm,raw/standards/accounting/implementation-qa-pages-v2/qa-069.html,69,25,cas-25,concepts/accounting-standards/cas-25,title-topic-keyword,medium,
implementation_qa,实施问答,问：新保险合同会计准则第九章中的有关披露要求如何与《企业会计准则第28号——会计政策...,https://kjs.mof.gov.cn/zt/kjzzss/sswd/202303/t20230313_3872127.htm,raw/standards/accounting/implementation-qa-pages-v2/qa-070.html,70,28,cas-28,concepts/accounting-standards/cas-28,title-standard-number,high,
implementation_qa,实施问答,问：企业应当如何判定权益工具投资为“非交易性”，从而符合指定为以公允价值计量且其变...,https://kjs.mof.gov.cn/zt/kjzzss/sswd/202306/t20230625_3892060.htm,raw/standards/accounting/implementation-qa-pages-v2/qa-071.html,71,39,cas-39,concepts/accounting-standards/cas-39,title-topic-keyword,medium,
implementation_qa,实施问答,问：商业银行应当如何确定一项主营业务活动中发生的支出属于金融工具的交易费用、“手续...,https://kjs.mof.gov.cn/zt/kjzzss/sswd/202306/t20230625_3892061.htm,raw/standards/accounting/implementation-qa-pages-v2/qa-072.html,72,,unmapped,,unmapped,low,
implementation_qa,实施问答,问：企业通过签订衍生金融工具对日常销售或采购非金融项目的合同或合同组合（能够以现金...,https://kjs.mof.gov.cn/zt/kjzzss/sswd/202306/t20230625_3892063.htm,raw/standards/accounting/implementation-qa-pages-v2/qa-073.html,73,,unmapped,,unmapped,low,
implementation_qa,实施问答,问：对于满足《企业会计准则第24号——套期会计》规定条件的套期关系，企业应当如何认定...,https://kjs.mof.gov.cn/zt/kjzzss/sswd/202306/t20230625_3892064.htm,raw/standards/accounting/implementation-qa-pages-v2/qa-074.html,74,24,cas-24,concepts/accounting-standards/cas-24,title-standard-number,high,
implementation_qa,实施问答,问：上市公司乙公司是甲公司的联营企业，甲公司对乙公司的长期股权投资采用权益法核算。...,https://kjs.mof.gov.cn/zt/kjzzss/sswd/202307/t20230710_3895086.htm,raw/standards/accounting/implementation-qa-pages-v2/qa-075.html,75,2,cas-02,concepts/accounting-standards/cas-02,title-topic-keyword,medium,
implementation_qa,实施问答,问：企业合并所形成的商誉应当自购买日起按照合理的方法分摊至相关的资产组或资产组组合...,https://kjs.mof.gov.cn/zt/kjzzss/sswd/202307/t20230710_3895087.htm,raw/standards/accounting/implementation-qa-pages-v2/qa-076.html,76,20,cas-20,concepts/accounting-standards/cas-20,title-topic-keyword,medium,
implementation_qa,实施问答,问：在计量金融工具的预期信用损失时，应当如何考虑财务担保合同等信用增级所产生的现金流量？,https://kjs.mof.gov.cn/zt/kjzzss/sswd/jrgjzzss/202307/t20230717_3896716.htm,raw/standards/accounting/implementation-qa-pages-v2/qa-117.html,117,22,cas-22,concepts/accounting-standards/cas-22,url-category-slug,high,
implementation_qa,实施问答,问：甲公司持有某结构化主体的份额（甲公司对该结构化主体不具有控制、共同控制或重大影...,https://kjs.mof.gov.cn/zt/kjzzss/sswd/202307/t20230717_3896759.htm,raw/standards/accounting/implementation-qa-pages-v2/qa-078.html,78,,unmapped,,unmapped,low,
implementation_qa,实施问答,问：某企业对职工实行股权激励计划，并约定了服务期和业绩条件。在等待期内，某已参加该...,https://kjs.mof.gov.cn/zt/kjzzss/sswd/202307/t20230717_3896761.htm,raw/standards/accounting/implementation-qa-pages-v2/qa-079.html,79,,unmapped,,unmapped,low,
implementation_qa,实施问答,问：对于企业内部数据资源研究开发项目的支出，应当如何对其开发阶段有关支出资本化的条...,https://kjs.mof.gov.cn/zt/kjzzss/sswd/202410/t20241030_3946594.htm,raw/standards/accounting/implementation-qa-pages-v2/qa-080.html,80,6,cas-06,concepts/accounting-standards/cas-06,title-topic-keyword,medium,
implementation_qa,实施问答,问：对于一项同时包含主险和附加险的保险合同，企业应当如何确定该合同的主险和附加险是否应当分拆？,https://kjs.mof.gov.cn/zt/kjzzss/sswd/xbxhtsswd/202501/t20250110_3951457.htm,raw/standards/accounting/implementation-qa-pages-v2/qa-143.html,143,25,cas-25,concepts/accounting-standards/cas-25,url-category-slug,high,
implementation_qa,实施问答,问：企业在评估保险合同是否为具有直接参与分红特征的保险合同时，如何确定评估时点、评估单元以及未来现金流量可能的情景？,https://kjs.mof.gov.cn/zt/kjzzss/sswd/xbxhtsswd/202501/t20250110_3951460.htm,raw/standards/accounting/implementation-qa-pages-v2/qa-144.html,144,25,cas-25,concepts/accounting-standards/cas-25,url-category-slug,high,
implementation_qa,实施问答,问：甲公司持有某大厦写字楼（含玻璃幕墙），甲公司按照《企业会计准则第4号——固定资产》等规定将大厦和玻璃幕墙总体确认为一项固定资产，原值10亿元，采用年限平均法折旧，折旧年限35年，截至2×24年末已计提折旧30年。大厦建造时间早，原有的玻璃幕墙使用年限较长，存在脱落风险。考虑安全性等因素，甲公司对大厦进行玻璃幕墙改造，改造支出预计1亿元，预计2×25年完工。甲公司认为改造后的大厦消除了玻璃脱落等不安全因素，延长了大厦的使用寿命，拟将大厦的折旧年限变更为40年，玻璃幕墙改造支出予以资本化，计入大厦资产原值。甲公司是否应当变更大厦的折旧年限？,https://kjs.mof.gov.cn/zt/kjzzss/sswd/gdzczzsswd/202504/t20250417_3962188.htm,raw/standards/accounting/implementation-qa-pages-v2/qa-109.html,109,4,cas-04,concepts/accounting-standards/cas-04,title-standard-number,high,
implementation_qa,实施问答,问：甲公司按照《企业会计准则第6号——无形资产》、《企业会计准则解释第15号》等规定，已将不满足资本化条件的研发支出（包括研发样机的相关支出）全部作费用化处理，计入了当期研发费用。此后期间，甲公司与有意愿购买研发样机的客户签订销售合同并实现了销售。在签订销售合同或者销售研发样机时，甲公司是否可将以前期间已费用化的研发样机支出金额从本期研发费用中冲回，再转入存货（如果尚未销售）或营业成本（如果已经销售）？,https://kjs.mof.gov.cn/zt/kjzzss/sswd/wxzczzsswd/202504/t20250417_3962191.htm,raw/standards/accounting/implementation-qa-pages-v2/qa-142.html,142,6,cas-06,concepts/accounting-standards/cas-06,title-standard-number,high,15
implementation_qa,实施问答,问：甲公司2×24年度按照法律法规要求应补缴2×23年度企业所得税税款500万元。甲公司根据...,https://kjs.mof.gov.cn/zt/kjzzss/sswd/202504/t20250417_3962193.htm,raw/standards/accounting/implementation-qa-pages-v2/qa-085.html,85,18,cas-18,concepts/accounting-standards/cas-18,title-topic-keyword,medium,
implementation_qa,实施问答,问：企业对于期限在一年或一个营业周期以上的保证类质量保证形成的预计负债，如何区分流...,https://kjs.mof.gov.cn/zt/kjzzss/sswd/202504/t20250417_3962195.htm,raw/standards/accounting/implementation-qa-pages-v2/qa-086.html,86,,unmapped,,unmapped,low,
implementation_qa,实施问答,问：企业在期货交易场所频繁买卖标准仓单（即由交割库开具并经期货交易场所登记的标准化...,https://kjs.mof.gov.cn/zt/kjzzss/sswd/202507/t20250703_3967195.htm,raw/standards/accounting/implementation-qa-pages-v2/qa-087.html,87,,unmapped,,unmapped,low,
implementation_qa,实施问答,问：对于包含导致合同现金流量时间分布或金额变动的或有特征条款的金融资产，企业应当如...,https://kjs.mof.gov.cn/zt/kjzzss/sswd/202604/t20260430_3988923.htm,raw/standards/accounting/implementation-qa-pages-v2/qa-088.html,88,,unmapped,,unmapped,low,
implementation_qa,实施问答,问：甲银行委托信托公司设立资产证券化信托计划，将不良贷款转让给该信托计划，作为发行...,https://kjs.mof.gov.cn/zt/kjzzss/sswd/202604/t20260430_3988924.htm,raw/standards/accounting/implementation-qa-pages-v2/qa-089.html,89,,unmapped,,unmapped,low,
implementation_qa,实施问答,问：根据《关于加强万能型人身保险监管有关事项的通知》（金规〔2025〕14号）计提特别储...,https://kjs.mof.gov.cn/zt/kjzzss/sswd/202604/t20260430_3988925.htm,raw/standards/accounting/implementation-qa-pages-v2/qa-090.html,90,,unmapped,,unmapped,low,
implementation_qa,实施问答,问：保险公司改变保险合同负债计量所采用的折现率的确定方法，如将“自上而下的方法”修...,https://kjs.mof.gov.cn/zt/kjzzss/sswd/202604/t20260430_3988926.htm,raw/standards/accounting/implementation-qa-pages-v2/qa-091.html,91,14,cas-14,concepts/accounting-standards/cas-14,title-topic-keyword,medium,
implementation_qa,实施问答,问：保险公司改变保险合同负债计量所采用的折现率的确定方法，如将“自上而下的方法”修改为“自下而上的方法”，在不存在前期差错的情况下，应当按照会计估计变更还是会计政策变更进行会计处理？,https://kjs.mof.gov.cn/zt/kjzzss/sswd/xbxhtsswd/202604/t20260430_3988926.htm,raw/standards/accounting/implementation-qa-pages-v2/qa-146.html,146,25,cas-25,concepts/accounting-standards/cas-25,url-category-slug,high,
implementation_qa,实施问答,问：对于适用《企业会计准则第25号——保险合同》（财会〔2020〕20号，以下简称新保险合同准则）的保险合同所产生的应收保费、保单贷款、摊回赔款及费用等应收款项，企业是否应当按照《企业会计准则第22号——金融工具确认和计量》中的预期信用损失法进行减值会计处理？,https://kjs.mof.gov.cn/zt/kjzzss/sswd/xbxhtsswd/202604/t20260430_3988927.htm,raw/standards/accounting/implementation-qa-pages-v2/qa-147.html,147,25,cas-25,concepts/accounting-standards/cas-25,title-standard-number,high,
implementation_qa,实施问答,问：乙公司为中国境内非上市保险企业。甲公司持有乙公司30%股权，对乙公司采用权益法核算...,https://kjs.mof.gov.cn/zt/kjzzss/sswd/202606/t20260618_3991862.htm,raw/standards/accounting/implementation-qa-pages-v2/qa-093.html,93,,unmapped,,unmapped,low,
implementation_qa,实施问答,问：投资方的联营企业作为合并方发生同一控制下企业合并的情况下，依据同一控制下企业合...,https://kjs.mof.gov.cn/zt/kjzzss/sswd/202606/t20260618_3991863.htm,raw/standards/accounting/implementation-qa-pages-v2/qa-094.html,94,20,cas-20,concepts/accounting-standards/cas-20,title-topic-keyword,medium,
implementation_qa,实施问答,问：甲公司主要从事某材料的生产，于2×25年9月1日在乙经济开发区投资建设某项目，并与乙...,https://kjs.mof.gov.cn/zt/kjzzss/sswd/202606/t20260618_3991864.htm,raw/standards/accounting/implementation-qa-pages-v2/qa-095.html,95,,unmapped,,unmapped,low,
implementation_qa,实施问答,新矿产资源法下探矿权专门借款费用资本化问题,https://kjs.mof.gov.cn/zt/kjzzss/sswd/jkwd/202606/t20260618_3991865.htm,raw/standards/accounting/implementation-qa-pages-v2/qa-115.html,115,17,cas-17,concepts/accounting-standards/cas-17,url-category-slug,high,
implementation_qa,实施问答,问：甲公司委托乙设备生产商建造大型定制专用设备，定制周期超过1年，设备到场后在甲公司...,https://kjs.mof.gov.cn/zt/kjzzss/sswd/202606/t20260618_3991866.htm,raw/standards/accounting/implementation-qa-pages-v2/qa-097.html,97,,unmapped,,unmapped,low,
implementation_qa,实施问答,问：非同一控制下企业合并中涉及的补偿性资产与或有对价之间的区别是什么？,https://kjs.mof.gov.cn/zt/kjzzss/sswd/qyhbzzsswd/202606/t20260618_3991867.htm,raw/standards/accounting/implementation-qa-pages-v2/qa-133.html,133,20,cas-20,concepts/accounting-standards/cas-20,url-category-slug,high,
implementation_qa,实施问答,问：甲公司处置其唯一子公司并丧失控制权，在处置子公司当期仍应编制合并财务报表，但在处置后的下一年度及后续会计期间应以原个别财务报表还是原合并财务报表为基础进行报表编制工作？,https://kjs.mof.gov.cn/zt/kjzzss/sswd/hbcwbbzzsswd/202606/t20260618_3991868.htm,raw/standards/accounting/implementation-qa-pages-v2/qa-113.html,113,33,cas-33,concepts/accounting-standards/cas-33,url-category-slug,high,
implementation_qa,实施问答,问：《中华人民共和国增值税法》（以下简称增值税法）2026年1月1日起施行后，一般用电企...,https://kjs.mof.gov.cn/zt/kjzzss/sswd/202606/t20260618_3991869.htm,raw/standards/accounting/implementation-qa-pages-v2/qa-100.html,100,,unmapped,,unmapped,low,
implementation_qa,实施问答,问：汽车销售企业在日常活动中购进并用于销售的二手车，应当如何进行会计处理？,https://kjs.mof.gov.cn/zt/kjzzss/sswd/chzzsswd/202301/t20230103_3861813.htm,raw/standards/accounting/implementation-qa-pages-v2/qa-101.html,101,1,cas-01,concepts/accounting-standards/cas-01,url-category-slug,high,
implementation_qa,实施问答,问：联营企业或合营企业自2021年1月1日起执行新收入准则、新金融工具准则、新租赁准则（以下简称“新准则”）。投资方执行新准则的时间早于其联营企业或合营企业，但在联营企业或合营企业尚未执行新准则的期间，因客观条件限制，投资方采用权益法核算时未按照新准则对联营企业或合营企业的财务报表进行调整。针对联营企业或合营企业按照新准则衔接规定对报表期初数进行的调整，投资方在采用权益法核算时应当如何进行会计处理？,https://kjs.mof.gov.cn/zt/kjzzss/sswd/cqgqtzzzsswd/202111/t20211102_3762836.htm,raw/standards/accounting/implementation-qa-pages-v2/qa-102.html,102,2,cas-02,concepts/accounting-standards/cas-02,url-category-slug,high,
implementation_qa,实施问答,问：投资方与其联营企业或合营企业之间发生投出或出售资产交易（构成业务的除外）而产生的未实现内部交易损益，投资方在编制合并财务报表时应如何抵销？,https://kjs.mof.gov.cn/zt/kjzzss/sswd/cqgqtzzzsswd/202301/t20230103_3861811.htm,raw/standards/accounting/implementation-qa-pages-v2/qa-103.html,103,2,cas-02,concepts/accounting-standards/cas-02,url-category-slug,high,
implementation_qa,实施问答,问：上市公司乙公司是甲公司的联营企业。乙公司向员工以非公开发行的方式授予限售期为3年的限制性股票用于股权激励，并完成股东登记手续。乙公司与员工约定，自授予日起，员工服务满3年后可一次性解锁股份；限售期限内离职的，乙公司按员工认购价格回购相应股份。乙公司增发限制性股票时，甲公司对乙公司的长期股权投资是否应当按照股权被动稀释进行会计处理？,https://kjs.mof.gov.cn/zt/kjzzss/sswd/cqgqtzzzsswd/202301/t20230103_3861812.htm,raw/standards/accounting/implementation-qa-pages-v2/qa-104.html,104,2,cas-02,concepts/accounting-standards/cas-02,url-category-slug,high,
implementation_qa,实施问答,问：乙公司为中国境内非上市保险企业。甲公司持有乙公司30%股权，对乙公司采用权益法核算。甲公司及其子公司、其他联营企业、合营企业均不涉及保险业务，且甲公司未对保险业务建立自身的会计政策。乙公司自2026年1月1日起执行《企业会计准则第25号——保险合同》（以下简称新保险合同准则）。乙公司根据新保险合同准则第三十四条会计政策选择权的有关规定，在合同组合层面选择“将保险合同金融变动额分解计入当期保险财务损益和其他综合收益”。2026年，甲公司在对乙公司的长期股权投资进行权益法核算时，能否采用与乙公司不一致的会计政策，即选择“将保险合同金融变动额全额计入当期保险财务损益”，从而对乙公司的财务报表进行调整？,https://kjs.mof.gov.cn/zt/kjzzss/sswd/cqgqtzzzsswd/202606/t20260618_3991862.htm,raw/standards/accounting/implementation-qa-pages-v2/qa-105.html,105,25,cas-25,concepts/accounting-standards/cas-25,title-standard-number,high,
implementation_qa,实施问答,问：投资方的联营企业作为合并方发生同一控制下企业合并的情况下，依据同一控制下企业合并的会计处理原则，联营企业于合并日需将取得的被合并方净资产的入账价值与合并对价账面价值之间的差额调整资本公积等，并视同自最终控制方开始控制被合并方时起即控制被合并方，在联营企业合并财务报表中将被合并方合并日前的留存收益、其他综合收益等中归属于合并方的部分自资本公积转入留存收益、其他综合收益等。投资方在对该联营企业的长期股权投资进行权益法核算时，针对联营企业的上述会计处理，投资方应如何进行会计处理？,https://kjs.mof.gov.cn/zt/kjzzss/sswd/cqgqtzzzsswd/202606/t20260618_3991863.htm,raw/standards/accounting/implementation-qa-pages-v2/qa-106.html,106,2,cas-02,concepts/accounting-standards/cas-02,url-category-slug,high,
implementation_qa,实施问答,问：企业对于期限在一年或一个营业周期以上的保证类质量保证形成的预计负债，如何区分流动负债和非流动负债进行列示？,https://kjs.mof.gov.cn/zt/kjzzss/sswd/cwbblbzzsswd/202504/t20250417_3962195.htm,raw/standards/accounting/implementation-qa-pages-v2/qa-107.html,107,30,cas-30,concepts/accounting-standards/cas-30,url-category-slug,high,
implementation_qa,实施问答,问：某企业对职工实行股权激励计划，并约定了服务期和业绩条件。在等待期内，某已参加该激励计划的职工认为激励计划约定的行权价较高，向企业声明不再继续参与该计划，并与企业签订退出协议，收回前期预付的行权资金。在该情形下，原已确认的与该名职工相关的股份支付费用能否冲回？,https://kjs.mof.gov.cn/zt/kjzzss/sswd/gfzzsswd/202307/t20230717_3896761.htm,raw/standards/accounting/implementation-qa-pages-v2/qa-111.html,111,11,cas-11,concepts/accounting-standards/cas-11,url-category-slug,high,
implementation_qa,实施问答,问：甲公司在202×年报告期内处置了唯一的子公司，并且于202×年12月31日已经没有子公司，那么甲公司是否需要编制202×年年度合并财务报表？,https://kjs.mof.gov.cn/zt/kjzzss/sswd/hbcwbbzzsswd/202206/t20220621_3819698.htm,raw/standards/accounting/implementation-qa-pages-v2/qa-112.html,112,33,cas-33,concepts/accounting-standards/cas-33,url-category-slug,high,
implementation_qa,实施问答,问：甲公司委托乙设备生产商建造大型定制专用设备，定制周期超过1年，设备到场后在甲公司安装调试时间不足1年。甲公司需在签署委托合同时点提前向乙公司预付相关款项，为此甲公司借入专门借款。该专门借款利息是否满足《企业会计准则第17号——借款费用》（以下简称借款费用准则）下的借款费用资本化条件？若满足，借款费用资本化的起止时间如何确定？,https://kjs.mof.gov.cn/zt/kjzzss/sswd/jkwd/202606/t20260618_3991866.htm,raw/standards/accounting/implementation-qa-pages-v2/qa-116.html,116,17,cas-17,concepts/accounting-standards/cas-17,title-standard-number,high,
implementation_qa,实施问答,问：甲公司持有某结构化主体的份额（甲公司对该结构化主体不具有控制、共同控制或重大影响），该结构化主体的基础资产为一组符合“合同现金流量仅为对本金和以未偿付本金金额为基础的利息的支付”特征（以下简称“本金加利息的合同现金流量特征”）的贷款，组合中贷款的期限均未超过结构化主体的存续期，结构化主体在存续期内不得买卖基础资产。该结构化主体的份额不分层且无保本保收益承诺，而是按照合同约定将基础资产产生的现金流入扣除约定税费、固定管理费等现金流出后的全部剩余金额等比例向所有份额持有人分配。在该情形下，甲公司持有的结构化主体份额是否符合本金加利息的合同现金流量特征？,https://kjs.mof.gov.cn/zt/kjzzss/sswd/jrgjzzss/202307/t20230717_3896759.htm,raw/standards/accounting/implementation-qa-pages-v2/qa-118.html,118,22,cas-22,concepts/accounting-standards/cas-22,url-category-slug,high,
implementation_qa,实施问答,问：企业在期货交易场所频繁买卖标准仓单（即由交割库开具并经期货交易场所登记的标准化提货凭证）以从其短期价格波动中获取利润、不涉及标准仓单对应商品实物提取的，应当如何进行会计处理？,https://kjs.mof.gov.cn/zt/kjzzss/sswd/jrgjzzss/202507/t20250703_3967195.htm,raw/standards/accounting/implementation-qa-pages-v2/qa-119.html,119,22,cas-22,concepts/accounting-standards/cas-22,url-category-slug,high,
implementation_qa,实施问答,问：对于包含导致合同现金流量时间分布或金额变动的或有特征条款的金融资产，企业应当如何应用《企业会计准则第22号——金融工具确认和计量》和《企业会计准则解释第19号》有关合同现金流量特征评估的规定，判断其合同现金流量是否与基本借贷安排一致，即是否符合在特定日期产生的合同现金流量仅为对本金和以未偿付本金金额为基础的利息的支付特征（以下简称“本金加利息的合同现金流量特征”）?,https://kjs.mof.gov.cn/zt/kjzzss/sswd/jrgjzzss/202604/t20260430_3988923.htm,raw/standards/accounting/implementation-qa-pages-v2/qa-120.html,120,22,cas-22,concepts/accounting-standards/cas-22,title-standard-number,high,19
implementation_qa,实施问答,问：甲银行委托信托公司设立资产证券化信托计划，将不良贷款转让给该信托计划，作为发行不良贷款资产支持证券的基础资产，并根据相关会计准则规定终止确认该不良贷款。根据信托合同约定，在信托计划临近到期日或剩余基础资产规模低于设定阈值从而触发清仓回购条款时，甲银行有权以届时不良贷款的公允价值为交易价格，回购该信托计划所持全部剩余基础资产。在此交易安排下，甲银行应如何对行使清仓回购选择权取得的不良贷款进行会计处理？,https://kjs.mof.gov.cn/zt/kjzzss/sswd/jrgjzzss/202604/t20260430_3988924.htm,raw/standards/accounting/implementation-qa-pages-v2/qa-121.html,121,22,cas-22,concepts/accounting-standards/cas-22,url-category-slug,high,
implementation_qa,实施问答,问：甲公司2×24年度按照法律法规要求应补缴2×23年度企业所得税税款500万元。甲公司根据相关事实和情况，按照《企业会计准则第28号——会计政策、会计估计变更和差错更正》规定，进行分析后认定该事项构成前期差错。该差错对于甲公司2×23年年度财务报表不具有重要性，但对于2×24年年度财务报表具有重要性。甲公司编制2×24年年度财务报表时，应将该差错作为重要的前期差错追溯调整前期比较数据，还是作为不重要的前期差错从而将补缴税款计入2×24年度的所得税费用？,https://kjs.mof.gov.cn/zt/kjzzss/sswd/kjzckjgjbgzzsswd/202504/t20250417_3962193.htm,raw/standards/accounting/implementation-qa-pages-v2/qa-122.html,122,28,cas-28,concepts/accounting-standards/cas-28,title-standard-number,high,
implementation_qa,实施问答,问：社会资本方执行《企业会计准则解释第14号》时，社会资本方在PPP项目建造期间形成的合同资产应当如何列报？,https://kjs.mof.gov.cn/zt/kjzzss/sswd/pppkjclsswd/202108/t20210810_3744021.htm,raw/standards/accounting/implementation-qa-pages-v2/qa-127.html,127,14,cas-14,concepts/accounting-standards/cas-14,title-topic-keyword,medium,14
implementation_qa,实施问答,问：某集团公司新设一家子公司，将现有其他子公司或业务注入该新设公司，假定在新设公司层面该交易构成同一控制下企业合并，新设公司需要编制合并财务报表。如果该新设公司的成立日晚于被注入的其他子公司或业务的成立日，该新设公司编制合并财务报表的期初日应为新设公司成立日还是应追溯至成立日之前？,https://kjs.mof.gov.cn/zt/kjzzss/sswd/qyhbzzsswd/202111/t20211102_3762826.htm,raw/standards/accounting/implementation-qa-pages-v2/qa-132.html,132,20,cas-20,concepts/accounting-standards/cas-20,url-category-slug,high,
implementation_qa,实施问答,问：已执行《企业会计准则第22号——金融工具确认和计量》（财会〔2017〕7号）的企业，在首次执行《企业会计准则第14号——收入》（财会〔2017〕22号）时，是否需要对新产生的应收账款或合同资产的预期信用损失进行追溯调整？,https://kjs.mof.gov.cn/zt/kjzzss/sswd/srzzsswd/202012/t20201211_3634036.htm,raw/standards/accounting/implementation-qa-pages-v2/qa-139.html,139,14,cas-14,concepts/accounting-standards/cas-14,title-standard-number,high,
implementation_qa,实施问答,问：外币预收账款和预付账款是货币性项目还是非货币性项目，上述项目在资产负债表日是否会产生汇兑损益？,https://kjs.mof.gov.cn/zt/kjzzss/sswd/wbzs/202103/t20210302_3664191.htm,raw/standards/accounting/implementation-qa-pages-v2/qa-141.html,141,19,cas-19,concepts/accounting-standards/cas-19,url-category-slug,high,
implementation_qa,实施问答,问：根据《关于加强万能型人身保险监管有关事项的通知》（金规〔2025〕14号）计提特别储备的万能险产品，是否属于具有直接参与分红特征的保险合同？,https://kjs.mof.gov.cn/zt/kjzzss/sswd/xbxhtsswd/202604/t20260430_3988925.htm,raw/standards/accounting/implementation-qa-pages-v2/qa-145.html,145,25,cas-25,concepts/accounting-standards/cas-25,url-category-slug,high,
implementation_qa,实施问答,问：对于适用《企业会计准则第25号——保险合同》（财会〔2020〕20号，以下简称新保险合同准则）的保险合同所产生的应收保费、保单贷款、摊回赔款及费用等应收款项，企业是否应当按照《企业会计准则第22号——金融工具确认和计量》中的预期信用损失法进行减值会计处理？,https://kjs.mof.gov.cn/zt/kjzzss/sswd/xbxhtsswd/202604/t20260430_3988927.htm,raw/standards/accounting/implementation-qa-pages-v2/qa-147.html,147,22,cas-22,concepts/accounting-standards/cas-22,title-standard-number,high,
implementation_qa,实施问答,问：执行企业会计准则的企业应当如何对增值税期末留抵退税业务相关现金流量进行列示？,https://kjs.mof.gov.cn/zt/kjzzss/sswd/xjllbzzsswd/202206/t20220621_3819699.htm,raw/standards/accounting/implementation-qa-pages-v2/qa-148.html,148,31,cas-31,concepts/accounting-standards/cas-31,url-category-slug,high,
implementation_qa,实施问答,问：上市公司乙公司是甲公司的联营企业，甲公司对乙公司的长期股权投资采用权益法核算。乙公司股价于2×22年出现明显下跌，2×22年12月31日，乙公司股票价值远低于乙公司净资产的账面价值。2×22年12月31日，甲公司对乙公司的长期股权投资是否存在减值迹象？如果存在减值迹象，是否可以直接采用乙公司股价计算作为该长期股权投资的可收回金额？,https://kjs.mof.gov.cn/zt/kjzzss/sswd/zcjzzzsswd/202307/t20230710_3895086.htm,raw/standards/accounting/implementation-qa-pages-v2/qa-151.html,151,8,cas-08,concepts/accounting-standards/cas-08,url-category-slug,high,
implementation_qa,实施问答,问：企业合并所形成的商誉应当自购买日起按照合理的方法分摊至相关的资产组或资产组组合，结合与其相关的资产组或者资产组组合进行减值测试，这些被分摊商誉的资产组或者资产组组合应当符合什么基本条件？,https://kjs.mof.gov.cn/zt/kjzzss/sswd/zcjzzzsswd/202307/t20230710_3895087.htm,raw/standards/accounting/implementation-qa-pages-v2/qa-152.html,152,8,cas-08,concepts/accounting-standards/cas-08,url-category-slug,high,
implementation_qa,实施问答,问：甲公司租赁某物业，租赁期为5年，每3个月支付一次租金。为支持甲公司经营发展，当地政府为甲公司提供租金扶持补贴，甲公司在每3个月支付租金后向政府提交租金支付凭证等申请文件，政府审核通过后发放相应3个月的租金扶持补贴。甲公司收到的上述租金扶持补贴应当作为与资产相关的政府补助还是与收益相关的政府补助进行会计处理？,https://kjs.mof.gov.cn/zt/kjzzss/sswd/zfbzzzsswd/202206/t20220621_3819697.htm,raw/standards/accounting/implementation-qa-pages-v2/qa-153.html,153,16,cas-16,concepts/accounting-standards/cas-16,url-category-slug,high,
implementation_qa,实施问答,问：甲公司主要从事某材料的生产，于2×25年9月1日在乙经济开发区投资建设某项目，并与乙经济开发区管委会签订了项目投资协议书。其中约定：“为加快项目建设进度，乙经济开发区管委会在甲公司项目地基完工、厂房全部封顶两个节点分别给予甲公司建设进度奖励600万元，合计1200万元。如果甲公司项目在2×26年9月1日前未完成厂房全部封顶，每延迟1个月则扣除尚未兑现的建设进度奖励资金的10%，直至全部扣减完毕”。奖励扶持政策中未对公司收到奖励资金后的使用用途或方向作出限制。甲公司对于收到的上述建设进度奖励应分类为与资产相关的政府补助还是与收益相关的政府补助？,https://kjs.mof.gov.cn/zt/kjzzss/sswd/zfbzzzsswd/202606/t20260618_3991864.htm,raw/standards/accounting/implementation-qa-pages-v2/qa-154.html,154,16,cas-16,concepts/accounting-standards/cas-16,url-category-slug,high,
implementation_qa,实施问答,《新冠肺炎疫情相关租金减让会计处理规定》简化处理方法适用问答,https://kjs.mof.gov.cn/zt/kjzzss/sswd/zlzzsswd/202205/t20220527_3813704.htm,raw/standards/accounting/implementation-qa-pages-v2/qa-159.html,159,21,cas-21,concepts/accounting-standards/cas-21,url-category-slug,high,
other_rule,其他规定,关于修订印发2018年度金融企业财务报表格式的通知,https://kjs.mof.gov.cn/gongzuotongzhi/201812/t20181227_3109872.htm,raw/standards/accounting/other-rules-pages/001-关于修订印发2018年度金融企业财务报表格式的通知.html,1,,unmapped,,unmapped,low,
other_rule,其他规定,关于印发《企业产品成本核算制度（试行）》的通知,https://kjs.mof.gov.cn/zhengcefabu/201309/t20130906_986492.htm,raw/standards/accounting/other-rules-pages/002-关于印发-企业产品成本核算制度-试行-的通知.html,2,,unmapped,,unmapped,low,
other_rule,其他规定,关于印发《农业保险大灾风险准备金会计处理规定》的通知,https://kjs.mof.gov.cn/zhengcefabu/201403/t20140307_1052943.htm,raw/standards/accounting/other-rules-pages/003-关于印发-农业保险大灾风险准备金会计处理规定-的通知.html,3,,unmapped,,unmapped,low,
other_rule,其他规定,关于印发《金融负债与权益工具的区分及相关会计处理规定》的通知,https://kjs.mof.gov.cn/zhengcefabu/201403/t20140321_1057952.htm,raw/standards/accounting/other-rules-pages/004-关于印发-金融负债与权益工具的区分及相关会计处理规定-的通知.html,4,37,cas-37,concepts/accounting-standards/cas-37,title-topic-keyword,medium,
other_rule,其他规定,关于印发《企业产品成本核算制度——石油石化行业》的通知,https://kjs.mof.gov.cn/zhengcefabu/201412/t20141229_1173216.htm,raw/standards/accounting/other-rules-pages/005-关于印发-企业产品成本核算制度-石油石化行业-的通知.html,5,,unmapped,,unmapped,low,
other_rule,其他规定,关于印发《企业产品成本核算制度——钢铁行业》的通知,https://kjs.mof.gov.cn/zhengcefabu/201511/t20151130_1590105.htm,raw/standards/accounting/other-rules-pages/006-关于印发-企业产品成本核算制度-钢铁行业-的通知.html,6,,unmapped,,unmapped,low,
other_rule,其他规定,关于印发《规范“三去一降一补”有关业务的会计处理规定》的通知,https://kjs.mof.gov.cn/zhengcefabu/201609/t20160927_2428006.htm,raw/standards/accounting/other-rules-pages/007-关于印发-规范“三去一降一补”有关业务的会计处理规定-的通知.html,7,,unmapped,,unmapped,low,
other_rule,其他规定,关于印发《企业产品成本核算制度——煤炭行业》的通知,https://kjs.mof.gov.cn/zhengcefabu/201610/t20161027_2445062.htm,raw/standards/accounting/other-rules-pages/008-关于印发-企业产品成本核算制度-煤炭行业-的通知.html,8,,unmapped,,unmapped,low,
other_rule,其他规定,关于印发《增值税会计处理规定》的通知,https://kjs.mof.gov.cn/zhengcefabu/201612/t20161212_2479869.htm,raw/standards/accounting/other-rules-pages/009-关于印发-增值税会计处理规定-的通知.html,9,,unmapped,,unmapped,low,
other_rule,其他规定,关于印发《企业破产清算有关会计处理规定》的通知,https://kjs.mof.gov.cn/zhengcefabu/201612/t20161227_2505655.htm,raw/standards/accounting/other-rules-pages/010-关于印发-企业破产清算有关会计处理规定-的通知.html,10,,unmapped,,unmapped,low,
other_rule,其他规定,关于保险公司执行新金融工具相关会计准则有关过渡办法的通知,https://kjs.mof.gov.cn/zhengcefabu/201707/t20170705_2638917.htm,raw/standards/accounting/other-rules-pages/011-关于保险公司执行新金融工具相关会计准则有关过渡办法的通知.html,11,,unmapped,,unmapped,low,
other_rule,其他规定,关于印发《企业产品成本核算制度——电网经营行业》的通知,https://kjs.mof.gov.cn/zhengcefabu/201801/t20180119_2798185.htm,raw/standards/accounting/other-rules-pages/012-关于印发-企业产品成本核算制度-电网经营行业-的通知.html,12,,unmapped,,unmapped,low,
other_rule,其他规定,关于印发《知识产权相关会计信息披露规定》的通知,https://kjs.mof.gov.cn/zhengcefabu/201811/t20181113_3065822.htm,raw/standards/accounting/other-rules-pages/013-关于印发-知识产权相关会计信息披露规定-的通知.html,13,,unmapped,,unmapped,low,
other_rule,其他规定,关于印发《永续债相关会计处理的规定》的通知,https://kjs.mof.gov.cn/zhengcefabu/201901/t20190130_3138955.htm,raw/standards/accounting/other-rules-pages/014-关于印发-永续债相关会计处理的规定-的通知.html,14,,unmapped,,unmapped,low,
other_rule,其他规定,关于修订印发2019年度一般企业财务报表格式的通知,https://kjs.mof.gov.cn/zhengcefabu/201905/t20190510_3254992.htm,raw/standards/accounting/other-rules-pages/015-关于修订印发2019年度一般企业财务报表格式的通知.html,15,,unmapped,,unmapped,low,
other_rule,其他规定,关于修订印发合并财务报表格式（2019版）的通知,https://kjs.mof.gov.cn/zhengcefabu/201909/t20190927_3394088.htm,raw/standards/accounting/other-rules-pages/016-关于修订印发合并财务报表格式-2019版-的通知.html,16,33,cas-33,concepts/accounting-standards/cas-33,title-topic-keyword,medium,
other_rule,其他规定,关于印发《碳排放权交易有关会计处理暂行规定》的通知,https://kjs.mof.gov.cn/zhengcefabu/201912/t20191223_3448268.htm,raw/standards/accounting/other-rules-pages/017-关于印发-碳排放权交易有关会计处理暂行规定-的通知.html,17,,unmapped,,unmapped,low,
other_rule,其他规定,关于印发《新冠肺炎疫情相关租金减让会计处理规定》的通知,https://kjs.mof.gov.cn/zhengcefabu/202006/t20200624_3538070.htm,raw/standards/accounting/other-rules-pages/018-关于印发-新冠肺炎疫情相关租金减让会计处理规定-的通知.html,18,,unmapped,,unmapped,low,
other_rule,其他规定,关于印发《企业产品成本核算制度——油气管网行业》的通知,https://kjs.mof.gov.cn/zhengcefabu/202110/t20211008_3756964.htm,raw/standards/accounting/other-rules-pages/019-关于印发-企业产品成本核算制度-油气管网行业-的通知.html,19,,unmapped,,unmapped,low,
other_rule,其他规定,关于印发《企业数据资源相关会计处理暂行规定》的通知,https://kjs.mof.gov.cn/zhengcefabu/202308/t20230821_3903354.htm,raw/standards/accounting/other-rules-pages/020-关于印发-企业数据资源相关会计处理暂行规定-的通知.html,20,6,cas-06,concepts/accounting-standards/cas-06,title-topic-keyword,medium,
other_rule,其他规定,关于进一步贯彻落实新保险合同会计准则的通知,https://kjs.mof.gov.cn/zhengcefabu/202506/t20250612_3965538.htm,raw/standards/accounting/other-rules-pages/021-关于进一步贯彻落实新保险合同会计准则的通知.html,21,25,cas-25,concepts/accounting-standards/cas-25,title-topic-keyword,medium,
other_rule,其他规定,关于印发《地方政府专项债券相关业务会计处理暂行规定》的通知,https://kjs.mof.gov.cn/zhengcefabu/202509/t20250904_3971510.htm,raw/standards/accounting/other-rules-pages/022-关于印发-地方政府专项债券相关业务会计处理暂行规定-的通知.html,22,,unmapped,,unmapped,low,
