"Title","Url","LocalFile"
"企业会计准则——基本准则","http://tfs.mof.gov.cn/caizhengbuling/201407/t20140729_1119494.htm","D:\ai-audit\knowledge-base\CPA-ZH\raw\standards\accounting\standards-pages\企业会计准则-基本准则.html"
"企业会计准则第5号——生物资产","https://kjs.mof.gov.cn/zt/kjzzss/kuaijizhunzeshishi/200806/t20080618_46212.htm","D:\ai-audit\knowledge-base\CPA-ZH\raw\standards\accounting\standards-pages\企业会计准则第5号-生物资产.html"
"企业会计准则第4号——固定资产","https://kjs.mof.gov.cn/zt/kjzzss/kuaijizhunzeshishi/200806/t20080618_46213.htm","D:\ai-audit\knowledge-base\CPA-ZH\raw\standards\accounting\standards-pages\企业会计准则第4号-固定资产.html"
"企业会计准则第3号——投资性房地产","https://kjs.mof.gov.cn/zt/kjzzss/kuaijizhunzeshishi/200806/t20080618_46214.htm","D:\ai-audit\knowledge-base\CPA-ZH\raw\standards\accounting\standards-pages\企业会计准则第3号-投资性房地产.html"
"企业会计准则第2号——长期股权投资","https://kjs.mof.gov.cn/zt/kjzzss/kuaijizhunzeshishi/200806/t20080618_46215.htm","D:\ai-audit\knowledge-base\CPA-ZH\raw\standards\accounting\standards-pages\企业会计准则第2号-长期股权投资.html"
"企业会计准则第1号——存货","https://kjs.mof.gov.cn/zt/kjzzss/kuaijizhunzeshishi/200806/t20080618_46216.htm","D:\ai-audit\knowledge-base\CPA-ZH\raw\standards\accounting\standards-pages\企业会计准则第1号-存货.html"
"企业会计准则第30号——财务报表列报","https://kjs.mof.gov.cn/zt/kjzzss/kuaijizhunzeshishi/200806/t20080618_46218.htm","D:\ai-audit\knowledge-base\CPA-ZH\raw\standards\accounting\standards-pages\企业会计准则第30号-财务报表列报.html"
"企业会计准则第29号——资产负债表日后事项","https://kjs.mof.gov.cn/zt/kjzzss/kuaijizhunzeshishi/200806/t20080618_46219.htm","D:\ai-audit\knowledge-base\CPA-ZH\raw\standards\accounting\standards-pages\企业会计准则第29号-资产负债表日后事项.html"
"企业会计准则第28号——会计政策、会计估计变更和差错更正","https://kjs.mof.gov.cn/zt/kjzzss/kuaijizhunzeshishi/200806/t20080618_46220.htm","D:\ai-audit\knowledge-base\CPA-ZH\raw\standards\accounting\standards-pages\企业会计准则第28号-会计政策-会计估计变更和差错更正.html"
"企业会计准则第27号——石油天然气开采","https://kjs.mof.gov.cn/zt/kjzzss/kuaijizhunzeshishi/200806/t20080618_46221.htm","D:\ai-audit\knowledge-base\CPA-ZH\raw\standards\accounting\standards-pages\企业会计准则第27号-石油天然气开采.html"
"企业会计准则第26号——再保险合同（财会〔2006〕3号）","https://kjs.mof.gov.cn/zt/kjzzss/kuaijizhunzeshishi/200806/t20080618_46222.htm","D:\ai-audit\knowledge-base\CPA-ZH\raw\standards\accounting\standards-pages\企业会计准则第26号-再保险合同-财会〔2006〕3号.html"
"企业会计准则第25号——原保险合同（财会〔2006〕3号）","https://kjs.mof.gov.cn/zt/kjzzss/kuaijizhunzeshishi/200806/t20080618_46223.htm","D:\ai-audit\knowledge-base\CPA-ZH\raw\standards\accounting\standards-pages\企业会计准则第25号-原保险合同-财会〔2006〕3号.html"
"企业会计准则第24号——套期保值（财会〔2006〕3号）","https://kjs.mof.gov.cn/zt/kjzzss/kuaijizhunzeshishi/200806/t20080618_46224.htm","D:\ai-audit\knowledge-base\CPA-ZH\raw\standards\accounting\standards-pages\企业会计准则第24号-套期保值-财会〔2006〕3号.html"
"企业会计准则第23号——金融资产转移（财会〔2006〕3号）","https://kjs.mof.gov.cn/zt/kjzzss/kuaijizhunzeshishi/200806/t20080618_46225.htm","D:\ai-audit\knowledge-base\CPA-ZH\raw\standards\accounting\standards-pages\企业会计准则第23号-金融资产转移-财会〔2006〕3号.html"
"企业会计准则第22号——金融工具确认和计量（财会〔2006〕3号）","https://kjs.mof.gov.cn/zt/kjzzss/kuaijizhunzeshishi/200806/t20080618_46226.htm","D:\ai-audit\knowledge-base\CPA-ZH\raw\standards\accounting\standards-pages\企业会计准则第22号-金融工具确认和计量-财会〔2006〕3号.html"
"企业会计准则第20号——企业合并","https://kjs.mof.gov.cn/zt/kjzzss/kuaijizhunzeshishi/200806/t20080618_46228.htm","D:\ai-audit\knowledge-base\CPA-ZH\raw\standards\accounting\standards-pages\企业会计准则第20号-企业合并.html"
"企业会计准则第19号——外币折算","https://kjs.mof.gov.cn/zt/kjzzss/kuaijizhunzeshishi/200806/t20080618_46229.htm","D:\ai-audit\knowledge-base\CPA-ZH\raw\standards\accounting\standards-pages\企业会计准则第19号-外币折算.html"
"企业会计准则第18号——所得税","https://kjs.mof.gov.cn/zt/kjzzss/kuaijizhunzeshishi/200806/t20080618_46230.htm","D:\ai-audit\knowledge-base\CPA-ZH\raw\standards\accounting\standards-pages\企业会计准则第18号-所得税.html"
"企业会计准则第17号——借款费用","https://kjs.mof.gov.cn/zt/kjzzss/kuaijizhunzeshishi/200806/t20080618_46231.htm","D:\ai-audit\knowledge-base\CPA-ZH\raw\standards\accounting\standards-pages\企业会计准则第17号-借款费用.html"
"企业会计准则第16号——政府补助","https://kjs.mof.gov.cn/zt/kjzzss/kuaijizhunzeshishi/200806/t20080618_46232.htm","D:\ai-audit\knowledge-base\CPA-ZH\raw\standards\accounting\standards-pages\企业会计准则第16号-政府补助.html"
"企业会计准则第13号——或有事项","https://kjs.mof.gov.cn/zt/kjzzss/kuaijizhunzeshishi/200806/t20080618_46235.htm","D:\ai-audit\knowledge-base\CPA-ZH\raw\standards\accounting\standards-pages\企业会计准则第13号-或有事项.html"
"企业会计准则第11号——股份支付","https://kjs.mof.gov.cn/zt/kjzzss/kuaijizhunzeshishi/200806/t20080618_46237.htm","D:\ai-audit\knowledge-base\CPA-ZH\raw\standards\accounting\standards-pages\企业会计准则第11号-股份支付.html"
"企业会计准则第10号——企业年金基金","https://kjs.mof.gov.cn/zt/kjzzss/kuaijizhunzeshishi/200806/t20080618_46238.htm","D:\ai-audit\knowledge-base\CPA-ZH\raw\standards\accounting\standards-pages\企业会计准则第10号-企业年金基金.html"
"企业会计准则第9号——职工薪酬","https://kjs.mof.gov.cn/zt/kjzzss/kuaijizhunzeshishi/200806/t20080618_46239.htm","D:\ai-audit\knowledge-base\CPA-ZH\raw\standards\accounting\standards-pages\企业会计准则第9号-职工薪酬.html"
"企业会计准则第8号——资产减值","https://kjs.mof.gov.cn/zt/kjzzss/kuaijizhunzeshishi/200806/t20080618_46240.htm","D:\ai-audit\knowledge-base\CPA-ZH\raw\standards\accounting\standards-pages\企业会计准则第8号-资产减值.html"
"企业会计准则第6号——无形资产","https://kjs.mof.gov.cn/zt/kjzzss/kuaijizhunzeshishi/200806/t20080618_46242.htm","D:\ai-audit\knowledge-base\CPA-ZH\raw\standards\accounting\standards-pages\企业会计准则第6号-无形资产.html"
"企业会计准则第38号——首次执行企业会计准则","https://kjs.mof.gov.cn/zt/kjzzss/kuaijizhunzeshishi/200806/t20080618_46243.htm","D:\ai-audit\knowledge-base\CPA-ZH\raw\standards\accounting\standards-pages\企业会计准则第38号-首次执行企业会计准则.html"
"企业会计准则第37号——金融工具列报（财会〔2014〕23号）","https://kjs.mof.gov.cn/zt/kjzzss/kuaijizhunzeshishi/200806/t20080618_46244.htm","D:\ai-audit\knowledge-base\CPA-ZH\raw\standards\accounting\standards-pages\企业会计准则第37号-金融工具列报-财会〔2014〕23号.html"
"企业会计准则第36号——关联方披露","https://kjs.mof.gov.cn/zt/kjzzss/kuaijizhunzeshishi/200806/t20080618_46245.htm","D:\ai-audit\knowledge-base\CPA-ZH\raw\standards\accounting\standards-pages\企业会计准则第36号-关联方披露.html"
"企业会计准则第35号——分部报告","https://kjs.mof.gov.cn/zt/kjzzss/kuaijizhunzeshishi/200806/t20080618_46246.htm","D:\ai-audit\knowledge-base\CPA-ZH\raw\standards\accounting\standards-pages\企业会计准则第35号-分部报告.html"
"企业会计准则第34号——每股收益","https://kjs.mof.gov.cn/zt/kjzzss/kuaijizhunzeshishi/200806/t20080618_46247.htm","D:\ai-audit\knowledge-base\CPA-ZH\raw\standards\accounting\standards-pages\企业会计准则第34号-每股收益.html"
"企业会计准则第33号——合并财务报表","https://kjs.mof.gov.cn/zt/kjzzss/kuaijizhunzeshishi/200806/t20080618_46248.htm","D:\ai-audit\knowledge-base\CPA-ZH\raw\standards\accounting\standards-pages\企业会计准则第33号-合并财务报表.html"
"企业会计准则第32号——中期财务报告","https://kjs.mof.gov.cn/zt/kjzzss/kuaijizhunzeshishi/200806/t20080618_46249.htm","D:\ai-audit\knowledge-base\CPA-ZH\raw\standards\accounting\standards-pages\企业会计准则第32号-中期财务报告.html"
"企业会计准则第31号——现金流量表","https://kjs.mof.gov.cn/zt/kjzzss/kuaijizhunzeshishi/200806/t20080618_46250.htm","D:\ai-audit\knowledge-base\CPA-ZH\raw\standards\accounting\standards-pages\企业会计准则第31号-现金流量表.html"
"企业会计准则第39号——公允价值计量","https://kjs.mof.gov.cn/zt/kjzzss/kuaijizhunzeshishi/201512/t20151208_1602631.htm","D:\ai-audit\knowledge-base\CPA-ZH\raw\standards\accounting\standards-pages\企业会计准则第39号-公允价值计量.html"
"企业会计准则第40号——合营安排","https://kjs.mof.gov.cn/zt/kjzzss/kuaijizhunzeshishi/201512/t20151208_1602633.htm","D:\ai-audit\knowledge-base\CPA-ZH\raw\standards\accounting\standards-pages\企业会计准则第40号-合营安排.html"
"企业会计准则第41号——在其他主体中权益的披露","https://kjs.mof.gov.cn/zt/kjzzss/kuaijizhunzeshishi/201512/t20151208_1602637.htm","D:\ai-audit\knowledge-base\CPA-ZH\raw\standards\accounting\standards-pages\企业会计准则第41号-在其他主体中权益的披露.html"
"企业会计准则第14号——收入","https://kjs.mof.gov.cn/zt/kjzzss/kuaijizhunzeshishi/201709/t20170907_2694006.htm","D:\ai-audit\knowledge-base\CPA-ZH\raw\standards\accounting\standards-pages\企业会计准则第14号-收入.html"
"企业会计准则第37号——金融工具列报（财会〔2017〕14号）","https://kjs.mof.gov.cn/zt/kjzzss/kuaijizhunzeshishi/201709/t20170907_2694118.htm","D:\ai-audit\knowledge-base\CPA-ZH\raw\standards\accounting\standards-pages\企业会计准则第37号-金融工具列报-财会〔2017〕14号.html"
"企业会计准则第42号——持有待售的非流动资产、处置组和终止经营","https://kjs.mof.gov.cn/zt/kjzzss/kuaijizhunzeshishi/201709/t20170907_2694145.htm","D:\ai-audit\knowledge-base\CPA-ZH\raw\standards\accounting\standards-pages\企业会计准则第42号-持有待售的非流动资产-处置组和终止经营.html"
"企业会计准则第24号——套期会计（财会〔2017〕9号）","https://kjs.mof.gov.cn/zt/kjzzss/kuaijizhunzeshishi/201709/t20170908_2694624.htm","D:\ai-audit\knowledge-base\CPA-ZH\raw\standards\accounting\standards-pages\企业会计准则第24号-套期会计-财会〔2017〕9号.html"
"企业会计准则第23号——金融资产转移（财会〔2017〕8号）","https://kjs.mof.gov.cn/zt/kjzzss/kuaijizhunzeshishi/201709/t20170908_2694626.htm","D:\ai-audit\knowledge-base\CPA-ZH\raw\standards\accounting\standards-pages\企业会计准则第23号-金融资产转移-财会〔2017〕8号.html"
"企业会计准则第22号——金融工具确认和计量（财会〔2017〕7号）","https://kjs.mof.gov.cn/zt/kjzzss/kuaijizhunzeshishi/201709/t20170908_2694655.htm","D:\ai-audit\knowledge-base\CPA-ZH\raw\standards\accounting\standards-pages\企业会计准则第22号-金融工具确认和计量-财会〔2017〕7号.html"
"企业会计准则第7号——非货币性资产交换","https://kjs.mof.gov.cn/zt/kjzzss/kuaijizhunzeshishi/201909/t20190911_3384679.htm","D:\ai-audit\knowledge-base\CPA-ZH\raw\standards\accounting\standards-pages\企业会计准则第7号-非货币性资产交换.html"
"企业会计准则第12号——债务重组","https://kjs.mof.gov.cn/zt/kjzzss/kuaijizhunzeshishi/201910/t20191028_3410789.htm","D:\ai-audit\knowledge-base\CPA-ZH\raw\standards\accounting\standards-pages\企业会计准则第12号-债务重组.html"
"企业会计准则第21号——租赁","https://kjs.mof.gov.cn/zt/kjzzss/kuaijizhunzeshishi/201910/t20191028_3411190.htm","D:\ai-audit\knowledge-base\CPA-ZH\raw\standards\accounting\standards-pages\企业会计准则第21号-租赁.html"
"企业会计准则第25号——保险合同（财会〔2020〕20号）","https://kjs.mof.gov.cn/zt/kjzzss/kuaijizhunzeshishi/202202/t20220224_3790240.htm","D:\ai-audit\knowledge-base\CPA-ZH\raw\standards\accounting\standards-pages\企业会计准则第25号-保险合同-财会〔2020〕20号.html"
