InterpretationNo,Title,Url,LocalPath,WikiPage
16,关于印发《企业会计准则解释第16号》的通知,https://kjs.mof.gov.cn/gongzuotongzhi/202212/t20221212_3857395.htm,raw/standards/accounting/interpretations-pages/关于印发-企业会计准则解释第16号-的通知.html,concepts/accounting-standards/interpretations/interp-16
1,关于印发《企业会计准则解释第1号》的通知,https://kjs.mof.gov.cn/zhengcefabu/200805/t20080522_33804.htm,raw/standards/accounting/interpretations-pages/关于印发-企业会计准则解释第1号-的通知.html,concepts/accounting-standards/interpretations/interp-01
2,关于印发企业会计准则解释第2号的通知,https://kjs.mof.gov.cn/zhengcefabu/200809/t20080912_74645.htm,raw/standards/accounting/interpretations-pages/关于印发企业会计准则解释第2号的通知.html,concepts/accounting-standards/interpretations/interp-02
3,关于印发企业会计准则解释第3号的通知,https://kjs.mof.gov.cn/zhengcefabu/200906/t20090625_172281.htm,raw/standards/accounting/interpretations-pages/关于印发企业会计准则解释第3号的通知.html,concepts/accounting-standards/interpretations/interp-03
4,关于印发企业会计准则解释第4号的通知,https://kjs.mof.gov.cn/zhengcefabu/201008/t20100809_332092.htm,raw/standards/accounting/interpretations-pages/关于印发企业会计准则解释第4号的通知.html,concepts/accounting-standards/interpretations/interp-04
5,关于印发企业会计准则解释第5号的通知,https://kjs.mof.gov.cn/zhengcefabu/201211/t20121122_701308.htm,raw/standards/accounting/interpretations-pages/关于印发企业会计准则解释第5号的通知.html,concepts/accounting-standards/interpretations/interp-05
6,关于印发《企业会计准则解释第6号》的通知,https://kjs.mof.gov.cn/zhengcefabu/201401/t20140123_1038629.htm,raw/standards/accounting/interpretations-pages/关于印发-企业会计准则解释第6号-的通知.html,concepts/accounting-standards/interpretations/interp-06
7,关于印发《企业会计准则解释第7号》的通知,https://kjs.mof.gov.cn/zhengcefabu/201511/t20151113_1559056.htm,raw/standards/accounting/interpretations-pages/关于印发-企业会计准则解释第7号-的通知.html,concepts/accounting-standards/interpretations/interp-07
8,关于印发《企业会计准则解释第8号》的通知,https://kjs.mof.gov.cn/zhengcefabu/201601/t20160104_1643346.htm,raw/standards/accounting/interpretations-pages/关于印发-企业会计准则解释第8号-的通知.html,concepts/accounting-standards/interpretations/interp-08
9,关于印发《企业会计准则解释第9号——关于权益法下投资净损失的会计处理》的通知,https://kjs.mof.gov.cn/zhengcefabu/201706/t20170621_2628433.htm,raw/standards/accounting/interpretations-pages/关于印发-企业会计准则解释第9号-关于权益法下投资净损失的会计处理-的通知.html,concepts/accounting-standards/interpretations/interp-09
10,关于印发《企业会计准则解释第10号——关于以使用固定资产产生的收入为基础的折旧方法》的通知,https://kjs.mof.gov.cn/zhengcefabu/201706/t20170621_2628435.htm,raw/standards/accounting/interpretations-pages/关于印发-企业会计准则解释第10号-关于以使用固定资产产生的收入为基础的折旧方法-的通知.html,concepts/accounting-standards/interpretations/interp-10
11,关于印发《企业会计准则解释第11号——关于以使用无形资产产生的收入为基础的摊销方法》的通知,https://kjs.mof.gov.cn/zhengcefabu/201706/t20170621_2628437.htm,raw/standards/accounting/interpretations-pages/关于印发-企业会计准则解释第11号-关于以使用无形资产产生的收入为基础的摊销方法-的通知.html,concepts/accounting-standards/interpretations/interp-11
12,关于印发《企业会计准则解释第12号——关于关键管理人员服务的提供方与接受方是否为关联方》的通知,https://kjs.mof.gov.cn/zhengcefabu/201706/t20170621_2628439.htm,raw/standards/accounting/interpretations-pages/关于印发-企业会计准则解释第12号-关于关键管理人员服务的提供方与接受方是否为关联方-的通知.html,concepts/accounting-standards/interpretations/interp-12
13,关于印发《企业会计准则解释第13号》的通知,https://kjs.mof.gov.cn/zhengcefabu/201912/t20191213_3441493.htm,raw/standards/accounting/interpretations-pages/关于印发-企业会计准则解释第13号-的通知.html,concepts/accounting-standards/interpretations/interp-13
14,关于印发《企业会计准则解释第14号》的通知,https://kjs.mof.gov.cn/zhengcefabu/202102/t20210202_3653110.htm,raw/standards/accounting/interpretations-pages/关于印发-企业会计准则解释第14号-的通知.html,concepts/accounting-standards/interpretations/interp-14
15,关于印发《企业会计准则解释第15号》的通知,https://kjs.mof.gov.cn/zhengcefabu/202112/t20211231_3779983.htm,raw/standards/accounting/interpretations-pages/关于印发-企业会计准则解释第15号-的通知.html,concepts/accounting-standards/interpretations/interp-15
17,关于印发《企业会计准则解释第17号》的通知,https://kjs.mof.gov.cn/zhengcefabu/202311/t20231109_3915491.htm,raw/standards/accounting/interpretations-pages/关于印发-企业会计准则解释第17号-的通知.html,concepts/accounting-standards/interpretations/interp-17
18,关于印发《企业会计准则解释第18号》的通知,https://kjs.mof.gov.cn/zhengcefabu/202412/t20241223_3950344.htm,raw/standards/accounting/interpretations-pages/关于印发-企业会计准则解释第18号-的通知.html,concepts/accounting-standards/interpretations/interp-18
19,关于印发《企业会计准则解释第19号》的通知,https://kjs.mof.gov.cn/zhengcefabu/202512/t20251218_3979556.htm,raw/standards/accounting/interpretations-pages/关于印发-企业会计准则解释第19号-的通知.html,concepts/accounting-standards/interpretations/interp-19
20,关于印发《企业会计准则解释第20号》的通知,https://kjs.mof.gov.cn/zhengcefabu/202606/t20260615_3991686.htm,raw/standards/accounting/interpretations-pages/关于印发-企业会计准则解释第20号-的通知.html,concepts/accounting-standards/interpretations/interp-20
