Law,ArticleNo,ArticleNoCn,DuplicateOrdinal,Chapter,Section,Summary,WikiPage,RawPath
中华人民共和国注册会计师法,1,一,1,第一章 总则,,为了发挥注册会计师在社会经济活动中的鉴证和服务作用，加强对注册会计师的管理，维护社会公共利益和投资者的合法权益，促进社会主义市场经济的健康发展，制定本法。,concepts/laws/cpa-law/cpa-law-article-001,raw/laws/中华人民共和国注册会计师法.md
中华人民共和国注册会计师法,2,二,1,第一章 总则,,注册会计师是依法取得注册会计师证书并接受委托从事审计和会计咨询、会计服务业务的执业人员。,concepts/laws/cpa-law/cpa-law-article-002,raw/laws/中华人民共和国注册会计师法.md
中华人民共和国注册会计师法,3,三,1,第一章 总则,,会计师事务所是依法设立并承办注册会计师业务的机构。,concepts/laws/cpa-law/cpa-law-article-003,raw/laws/中华人民共和国注册会计师法.md
中华人民共和国注册会计师法,4,四,1,第一章 总则,,注册会计师协会是由注册会计师组成的社会团体。,concepts/laws/cpa-law/cpa-law-article-004,raw/laws/中华人民共和国注册会计师法.md
中华人民共和国注册会计师法,5,五,1,第一章 总则,,国务院财政部门和省、自治区、直辖市人民政府财政部门，依法对注册会计师、会计师事务所和注册会计师协会进行监督、指导。,concepts/laws/cpa-law/cpa-law-article-005,raw/laws/中华人民共和国注册会计师法.md
中华人民共和国注册会计师法,6,六,1,第一章 总则,,注册会计师和会计师事务所执行业务，必须遵守法律、行政法规。,concepts/laws/cpa-law/cpa-law-article-006,raw/laws/中华人民共和国注册会计师法.md
中华人民共和国注册会计师法,7,七,1,第二章 考试和注册,,国家实行注册会计师全国统一考试制度。,concepts/laws/cpa-law/cpa-law-article-007,raw/laws/中华人民共和国注册会计师法.md
中华人民共和国注册会计师法,8,八,1,第二章 考试和注册,,具有高等专科以上学校毕业的学历、或者具有会计或者相关专业中级以上技术职称的中国公民，可以申请参加注册会计师全国统一考试；具有会计或者相关专业高级技术职称的人员，可以免予部分科目的考试。,concepts/laws/cpa-law/cpa-law-article-008,raw/laws/中华人民共和国注册会计师法.md
中华人民共和国注册会计师法,9,九,1,第二章 考试和注册,,参加注册会计师全国统一考试成绩合格，并从事审计业务工作二年以上的，可以向省、自治区、直辖市注册会计师协会申请注册。,concepts/laws/cpa-law/cpa-law-article-009,raw/laws/中华人民共和国注册会计师法.md
中华人民共和国注册会计师法,10,十,1,第二章 考试和注册,,有下列情形之一的，受理申请的注册会计师协会不予注册：（一）不具有完全民事行为能力的；,concepts/laws/cpa-law/cpa-law-article-010,raw/laws/中华人民共和国注册会计师法.md
中华人民共和国注册会计师法,11,十一,1,第二章 考试和注册,,注册会计师协会应当将准予注册的人员名单报国务院财政部门备案。,concepts/laws/cpa-law/cpa-law-article-011,raw/laws/中华人民共和国注册会计师法.md
中华人民共和国注册会计师法,12,十二,1,第二章 考试和注册,,准予注册的申请人，由注册会计师协会发给国务院财政部门统一制定的注册会计师证书。,concepts/laws/cpa-law/cpa-law-article-012,raw/laws/中华人民共和国注册会计师法.md
中华人民共和国注册会计师法,13,十三,1,第二章 考试和注册,,已取得注册会计师证书的人员，除本法第十一条第一款规定的情形外，注册后有下列情形之一的，由准予注册的注册会计师协会撤销注册，收回注册会计师证书：（一）完全丧失民事行为能力的；,concepts/laws/cpa-law/cpa-law-article-013,raw/laws/中华人民共和国注册会计师法.md
中华人民共和国注册会计师法,14,十四,1,第三章 业务范围和规则,,注册会计师承办下列审计业务：（一）审查企业会计报表，出具审计报告；（二）验证企业资本，出具验资报告；（三）办理企业合并、分立、清算事宜中的审计业务，出具有关的报告；（四）法律、行政法规规定的其他审计业务。,concepts/laws/cpa-law/cpa-law-article-014,raw/laws/中华人民共和国注册会计师法.md
中华人民共和国注册会计师法,15,十五,1,第三章 业务范围和规则,,注册会计师可以承办会计咨询、会计服务业务。,concepts/laws/cpa-law/cpa-law-article-015,raw/laws/中华人民共和国注册会计师法.md
中华人民共和国注册会计师法,16,十六,1,第三章 业务范围和规则,,注册会计师承办业务，由其所在的会计师事务所统一受理并与委托人签订委托合同。,concepts/laws/cpa-law/cpa-law-article-016,raw/laws/中华人民共和国注册会计师法.md
中华人民共和国注册会计师法,17,十七,1,第三章 业务范围和规则,,注册会计师执行业务，可以根据需要查阅委托人的有关会计资料和文件，查看委托人的业务现场和设施，要求委托人提供其他必要的协助。,concepts/laws/cpa-law/cpa-law-article-017,raw/laws/中华人民共和国注册会计师法.md
中华人民共和国注册会计师法,18,十八,1,第三章 业务范围和规则,,注册会计师与委托人有利害关系的，应当回避；委托人有权要求其回避。,concepts/laws/cpa-law/cpa-law-article-018,raw/laws/中华人民共和国注册会计师法.md
中华人民共和国注册会计师法,19,十九,1,第三章 业务范围和规则,,注册会计师对在执行业务中知悉的商业秘密，负有保密义务。,concepts/laws/cpa-law/cpa-law-article-019,raw/laws/中华人民共和国注册会计师法.md
中华人民共和国注册会计师法,20,二十,1,第三章 业务范围和规则,,注册会计师执行审计业务，遇有下列情形之一的，应当拒绝出具有关报告：（一）委托人示意其作不实或者不当证明的；,concepts/laws/cpa-law/cpa-law-article-020,raw/laws/中华人民共和国注册会计师法.md
中华人民共和国注册会计师法,21,二十一,1,第三章 业务范围和规则,,注册会计师执行审计业务，必须按照执业准则、规则确定的工作程序出具报告。,concepts/laws/cpa-law/cpa-law-article-021,raw/laws/中华人民共和国注册会计师法.md
中华人民共和国注册会计师法,22,二十二,1,第三章 业务范围和规则,,注册会计师不得有下列行为：（一）在执行审计业务期间，在法律、行政法规规定不得买卖被审计单位的股票、债券或者不得购买被审计单位或者个人的其他财产的期限内，买卖被审计单位的股票、债券或者购买被审计单位或者个人所拥有的其他财产；,concepts/laws/cpa-law/cpa-law-article-022,raw/laws/中华人民共和国注册会计师法.md
中华人民共和国注册会计师法,23,二十三,1,第四章 会计师事务所,,会计师事务所可以由注册会计师合伙设立。,concepts/laws/cpa-law/cpa-law-article-023,raw/laws/中华人民共和国注册会计师法.md
中华人民共和国注册会计师法,24,二十四,1,第四章 会计师事务所,,会计师事务所符合下列条件的，可以是负有限责任的法人：（一）不少于三十万元的注册资本；（二）有一定数量的专职从业人员，其中至少有五名注册会计师；（三）国务院财政部门规定的业务范围和其他条件。,concepts/laws/cpa-law/cpa-law-article-024,raw/laws/中华人民共和国注册会计师法.md
中华人民共和国注册会计师法,25,二十五,1,第四章 会计师事务所,,设立会计师事务所，由省、自治区、直辖市人民政府财政部门批准。,concepts/laws/cpa-law/cpa-law-article-025,raw/laws/中华人民共和国注册会计师法.md
中华人民共和国注册会计师法,26,二十六,1,第四章 会计师事务所,,审批机关应当自收到申请文件之日起三十日内决定批准或者不批准。,concepts/laws/cpa-law/cpa-law-article-026,raw/laws/中华人民共和国注册会计师法.md
中华人民共和国注册会计师法,27,二十七,1,第四章 会计师事务所,,会计师事务所设立分支机构，须经分支机构所在地的省、自治区、直辖市人民政府财政部门批准。,concepts/laws/cpa-law/cpa-law-article-027,raw/laws/中华人民共和国注册会计师法.md
中华人民共和国注册会计师法,28,二十八,1,第四章 会计师事务所,,会计师事务所依法纳税。,concepts/laws/cpa-law/cpa-law-article-028,raw/laws/中华人民共和国注册会计师法.md
中华人民共和国注册会计师法,29,二十九,1,第四章 会计师事务所,,会计师事务所受理业务，不受行政区域、行业的限制；但是，法律、行政法规另有规定的除外。,concepts/laws/cpa-law/cpa-law-article-029,raw/laws/中华人民共和国注册会计师法.md
中华人民共和国注册会计师法,30,三十,1,第四章 会计师事务所,,委托人委托会计师事务所办理业务，任何单位和个人不得干预。,concepts/laws/cpa-law/cpa-law-article-030,raw/laws/中华人民共和国注册会计师法.md
中华人民共和国注册会计师法,31,三十一,1,第四章 会计师事务所,,本法第十八条至第二十一条的规定，适用于会计师事务所。,concepts/laws/cpa-law/cpa-law-article-031,raw/laws/中华人民共和国注册会计师法.md
中华人民共和国注册会计师法,32,三十二,1,第四章 会计师事务所,,会计师事务所不得有本法第二十二条第（一）项至第（四）项、第（六）项、第（七）项所列的行为。,concepts/laws/cpa-law/cpa-law-article-032,raw/laws/中华人民共和国注册会计师法.md
中华人民共和国注册会计师法,33,三十三,1,第五章 注册会计师协会,,注册会计师应当加入注册会计师协会。,concepts/laws/cpa-law/cpa-law-article-033,raw/laws/中华人民共和国注册会计师法.md
中华人民共和国注册会计师法,34,三十四,1,第五章 注册会计师协会,,中国注册会计师协会的章程由全国会员代表大会制定，并报国务院财政部门备案；省、自治区、直辖市注册会计师协会的章程由省、自治区、直辖市会员代表大会制定，并报省、自治区、直辖市人民政府财政部门备案。,concepts/laws/cpa-law/cpa-law-article-034,raw/laws/中华人民共和国注册会计师法.md
中华人民共和国注册会计师法,35,三十五,1,第五章 注册会计师协会,,中国注册会计师协会依法拟订注册会计师执业准则、规则，报国务院财政部门批准后施行。,concepts/laws/cpa-law/cpa-law-article-035,raw/laws/中华人民共和国注册会计师法.md
中华人民共和国注册会计师法,36,三十六,1,第五章 注册会计师协会,,注册会计师协会应当支持注册会计师依法执行业务，维护其合法权益，向有关方面反映其意见和建议。,concepts/laws/cpa-law/cpa-law-article-036,raw/laws/中华人民共和国注册会计师法.md
中华人民共和国注册会计师法,37,三十七,1,第五章 注册会计师协会,,注册会计师协会应当对注册会计师的任职资格和执业情况进行年度检查。,concepts/laws/cpa-law/cpa-law-article-037,raw/laws/中华人民共和国注册会计师法.md
中华人民共和国注册会计师法,38,三十八,1,第五章 注册会计师协会,,注册会计师协会依法取得社会团体法人资格。,concepts/laws/cpa-law/cpa-law-article-038,raw/laws/中华人民共和国注册会计师法.md
中华人民共和国注册会计师法,39,三十九,1,第六章 法律责任,,会计师事务所违反本法第二十条、第二十一条规定的，由省级以上人民政府财政部门给予警告，没收违法所得，可以并处违法所得一倍以上五倍以下的罚款；情节严重的，并可以由省级以上人民政府财政部门暂停其经营业务或者予以撤销。,concepts/laws/cpa-law/cpa-law-article-039,raw/laws/中华人民共和国注册会计师法.md
中华人民共和国注册会计师法,40,四十,1,第六章 法律责任,,对未经批准承办本法第十四条规定的注册会计师业务的单位，由省级以上人民政府财政部门责令其停止违法活动，没收违法所得，可以并处违法所得一倍以上五倍以下的罚款。,concepts/laws/cpa-law/cpa-law-article-040,raw/laws/中华人民共和国注册会计师法.md
中华人民共和国注册会计师法,41,四十一,1,第六章 法律责任,,当事人对行政处罚决定不服的，可以在接到处罚通知之日起十五日内向作出处罚决定的机关的上一级机关申请复议；当事人也可以在接到处罚决定通知之日起十五日内直接向人民法院起诉。,concepts/laws/cpa-law/cpa-law-article-041,raw/laws/中华人民共和国注册会计师法.md
中华人民共和国注册会计师法,42,四十二,1,第六章 法律责任,,会计师事务所违反本法规定，给委托人、其他利害关系人造成损失的，应当依法承担赔偿责任。,concepts/laws/cpa-law/cpa-law-article-042,raw/laws/中华人民共和国注册会计师法.md
中华人民共和国注册会计师法,43,四十三,1,第七章 附则,,在审计事务所工作的注册审计师，经认定为具有注册会计师资格的，可以执行本法规定的业务，其资格认定和对其监督、指导、管理的办法由国务院另行规定。,concepts/laws/cpa-law/cpa-law-article-043,raw/laws/中华人民共和国注册会计师法.md
中华人民共和国注册会计师法,44,四十四,1,第七章 附则,,外国人申请参加中国注册会计师全国统一考试和注册，按照互惠原则办理。,concepts/laws/cpa-law/cpa-law-article-044,raw/laws/中华人民共和国注册会计师法.md
中华人民共和国注册会计师法,45,四十五,1,第七章 附则,,国务院可以根据本法制定实施条例。,concepts/laws/cpa-law/cpa-law-article-045,raw/laws/中华人民共和国注册会计师法.md
中华人民共和国注册会计师法,46,四十六,1,第七章 附则,,本法自1994年1月1日起施行。,concepts/laws/cpa-law/cpa-law-article-046,raw/laws/中华人民共和国注册会计师法.md
中华人民共和国会计法,1,一,1,第一章 总则,,为了规范会计行为，保证会计资料真实、完整，加强经济管理和财务管理，提高经济效益，维护社会主义市场经济秩序，制定本法。,concepts/laws/accounting-law/accounting-law-article-001,raw/laws/中华人民共和国会计法.md
中华人民共和国会计法,2,二,1,第一章 总则,,会计工作应当贯彻落实党和国家路线方针政策、决策部署，维护社会公共利益，为国民经济和社会发展服务。,concepts/laws/accounting-law/accounting-law-article-002,raw/laws/中华人民共和国会计法.md
中华人民共和国会计法,3,三,1,第一章 总则,,各单位必须依法设置会计账簿，并保证其真实、完整。,concepts/laws/accounting-law/accounting-law-article-003,raw/laws/中华人民共和国会计法.md
中华人民共和国会计法,4,四,1,第一章 总则,,单位负责人对本单位的会计工作和会计资料的真实性、完整性负责。,concepts/laws/accounting-law/accounting-law-article-004,raw/laws/中华人民共和国会计法.md
中华人民共和国会计法,5,五,1,第一章 总则,,会计机构、会计人员依照本法规定进行会计核算，实行会计监督。,concepts/laws/accounting-law/accounting-law-article-005,raw/laws/中华人民共和国会计法.md
中华人民共和国会计法,6,六,1,第一章 总则,,对认真执行本法，忠于职守，坚持原则，做出显著成绩的会计人员，给予精神的或者物质的奖励。,concepts/laws/accounting-law/accounting-law-article-006,raw/laws/中华人民共和国会计法.md
中华人民共和国会计法,7,七,1,第一章 总则,,国务院财政部门主管全国的会计工作。,concepts/laws/accounting-law/accounting-law-article-007,raw/laws/中华人民共和国会计法.md
中华人民共和国会计法,8,八,1,第一章 总则,,国家实行统一的会计制度。,concepts/laws/accounting-law/accounting-law-article-008,raw/laws/中华人民共和国会计法.md
中华人民共和国会计法,9,九,1,第二章 会计核算,,各单位必须根据实际发生的经济业务事项进行会计核算，填制会计凭证，登记会计账簿，编制财务会计报告。,concepts/laws/accounting-law/accounting-law-article-009,raw/laws/中华人民共和国会计法.md
中华人民共和国会计法,10,十,1,第二章 会计核算,,各单位应当对下列经济业务事项办理会计手续，进行会计核算：（一）资产的增减和使用；,concepts/laws/accounting-law/accounting-law-article-010,raw/laws/中华人民共和国会计法.md
中华人民共和国会计法,11,十一,1,第二章 会计核算,,会计年度自公历1月1日起至12月31日止。,concepts/laws/accounting-law/accounting-law-article-011,raw/laws/中华人民共和国会计法.md
中华人民共和国会计法,12,十二,1,第二章 会计核算,,会计核算以人民币为记账本位币。,concepts/laws/accounting-law/accounting-law-article-012,raw/laws/中华人民共和国会计法.md
中华人民共和国会计法,13,十三,1,第二章 会计核算,,会计凭证、会计账簿、财务会计报告和其他会计资料，必须符合国家统一的会计制度的规定。,concepts/laws/accounting-law/accounting-law-article-013,raw/laws/中华人民共和国会计法.md
中华人民共和国会计法,14,十四,1,第二章 会计核算,,会计凭证包括原始凭证和记账凭证。,concepts/laws/accounting-law/accounting-law-article-014,raw/laws/中华人民共和国会计法.md
中华人民共和国会计法,15,十五,1,第二章 会计核算,,会计账簿登记，必须以经过审核的会计凭证为依据，并符合有关法律、行政法规和国家统一的会计制度的规定。,concepts/laws/accounting-law/accounting-law-article-015,raw/laws/中华人民共和国会计法.md
中华人民共和国会计法,16,十六,1,第二章 会计核算,,各单位发生的各项经济业务事项应当在依法设置的会计账簿上统一登记、核算，不得违反本法和国家统一的会计制度的规定私设会计账簿登记、核算。,concepts/laws/accounting-law/accounting-law-article-016,raw/laws/中华人民共和国会计法.md
中华人民共和国会计法,17,十七,1,第二章 会计核算,,各单位应当定期将会计账簿记录与实物、款项及有关资料相互核对，保证会计账簿记录与实物及款项的实有数额相符、会计账簿记录与会计凭证的有关内容相符、会计账簿之间相对应的记录相符、会计账簿记录与会计报表的有关内容相符。,concepts/laws/accounting-law/accounting-law-article-017,raw/laws/中华人民共和国会计法.md
中华人民共和国会计法,18,十八,1,第二章 会计核算,,各单位采用的会计处理方法，前后各期应当一致，不得随意变更；确有必要变更的，应当按照国家统一的会计制度的规定变更，并将变更的原因、情况及影响在财务会计报告中说明。,concepts/laws/accounting-law/accounting-law-article-018,raw/laws/中华人民共和国会计法.md
中华人民共和国会计法,19,十九,1,第二章 会计核算,,单位提供的担保、未决诉讼等或有事项，应当按照国家统一的会计制度的规定，在财务会计报告中予以说明。,concepts/laws/accounting-law/accounting-law-article-019,raw/laws/中华人民共和国会计法.md
中华人民共和国会计法,20,二十,1,第二章 会计核算,,财务会计报告应当根据经过审核的会计账簿记录和有关资料编制，并符合本法和国家统一的会计制度关于财务会计报告的编制要求、提供对象和提供期限的规定；其他法律、行政法规另有规定的，从其规定。,concepts/laws/accounting-law/accounting-law-article-020,raw/laws/中华人民共和国会计法.md
中华人民共和国会计法,21,二十一,1,第二章 会计核算,,财务会计报告应当由单位负责人和主管会计工作的负责人、会计机构负责人（会计主管人员）签名并盖章；设置总会计师的单位，还须由总会计师签名并盖章。,concepts/laws/accounting-law/accounting-law-article-021,raw/laws/中华人民共和国会计法.md
中华人民共和国会计法,22,二十二,1,第二章 会计核算,,会计记录的文字应当使用中文。,concepts/laws/accounting-law/accounting-law-article-022,raw/laws/中华人民共和国会计法.md
中华人民共和国会计法,23,二十三,1,第二章 会计核算,,各单位对会计凭证、会计账簿、财务会计报告和其他会计资料应当建立档案，妥善保管。,concepts/laws/accounting-law/accounting-law-article-023,raw/laws/中华人民共和国会计法.md
中华人民共和国会计法,24,二十四,1,第二章 会计核算,,各单位进行会计核算不得有下列行为：（一）随意改变资产、负债、净资产（所有者权益）的确认标准或者计量方法，虚列、多列、不列或者少列资产、负债、净资产（所有者权益）；,concepts/laws/accounting-law/accounting-law-article-024,raw/laws/中华人民共和国会计法.md
中华人民共和国会计法,25,二十五,1,第三章 会计监督,,各单位应当建立、健全本单位内部会计监督制度，并将其纳入本单位内部控制制度。,concepts/laws/accounting-law/accounting-law-article-025,raw/laws/中华人民共和国会计法.md
中华人民共和国会计法,26,二十六,1,第三章 会计监督,,单位负责人应当保证会计机构、会计人员依法履行职责，不得授意、指使、强令会计机构、会计人员违法办理会计事项。,concepts/laws/accounting-law/accounting-law-article-026,raw/laws/中华人民共和国会计法.md
中华人民共和国会计法,27,二十七,1,第三章 会计监督,,会计机构、会计人员发现会计账簿记录与实物、款项及有关资料不相符的，按照国家统一的会计制度的规定有权自行处理的，应当及时处理；无权处理的，应当立即向单位负责人报告，请求查明原因，作出处理。,concepts/laws/accounting-law/accounting-law-article-027,raw/laws/中华人民共和国会计法.md
中华人民共和国会计法,28,二十八,1,第三章 会计监督,,任何单位和个人对违反本法和国家统一的会计制度规定的行为，有权检举。,concepts/laws/accounting-law/accounting-law-article-028,raw/laws/中华人民共和国会计法.md
中华人民共和国会计法,29,二十九,1,第三章 会计监督,,有关法律、行政法规规定，须经注册会计师进行审计的单位，应当向受委托的会计师事务所如实提供会计凭证、会计账簿、财务会计报告和其他会计资料以及有关情况。,concepts/laws/accounting-law/accounting-law-article-029,raw/laws/中华人民共和国会计法.md
中华人民共和国会计法,30,三十,1,第三章 会计监督,,财政部门对各单位的下列情况实施监督：（一）是否依法设置会计账簿；,concepts/laws/accounting-law/accounting-law-article-030,raw/laws/中华人民共和国会计法.md
中华人民共和国会计法,31,三十一,1,第三章 会计监督,,财政、审计、税务、金融管理等部门应当依照有关法律、行政法规规定的职责，对有关单位的会计资料实施监督检查，并出具检查结论。,concepts/laws/accounting-law/accounting-law-article-031,raw/laws/中华人民共和国会计法.md
中华人民共和国会计法,32,三十二,1,第三章 会计监督,,依法对有关单位的会计资料实施监督检查的部门及其工作人员对在监督检查中知悉的国家秘密、工作秘密、商业秘密、个人隐私、个人信息负有保密义务。,concepts/laws/accounting-law/accounting-law-article-032,raw/laws/中华人民共和国会计法.md
中华人民共和国会计法,33,三十三,1,第三章 会计监督,,各单位必须依照有关法律、行政法规的规定，接受有关监督检查部门依法实施的监督检查，如实提供会计凭证、会计账簿、财务会计报告和其他会计资料以及有关情况，不得拒绝、隐匿、谎报。,concepts/laws/accounting-law/accounting-law-article-033,raw/laws/中华人民共和国会计法.md
中华人民共和国会计法,34,三十四,1,第四章 会计机构和会计人员,,各单位应当根据会计业务的需要，依法采取下列一种方式组织本单位的会计工作：（一）设置会计机构；（二）在有关机构中设置会计岗位并指定会计主管人员；（三）委托经批准设立从事会计代理记账业务的中介机构代理记账；（四）国务院财政部门规定的其他方式。,concepts/laws/accounting-law/accounting-law-article-034,raw/laws/中华人民共和国会计法.md
中华人民共和国会计法,35,三十五,1,第四章 会计机构和会计人员,,会计机构内部应当建立稽核制度。,concepts/laws/accounting-law/accounting-law-article-035,raw/laws/中华人民共和国会计法.md
中华人民共和国会计法,36,三十六,1,第四章 会计机构和会计人员,,会计人员应当具备从事会计工作所需要的专业能力。,concepts/laws/accounting-law/accounting-law-article-036,raw/laws/中华人民共和国会计法.md
中华人民共和国会计法,37,三十七,1,第四章 会计机构和会计人员,,会计人员应当遵守职业道德，提高业务素质，严格遵守国家有关保密规定。,concepts/laws/accounting-law/accounting-law-article-037,raw/laws/中华人民共和国会计法.md
中华人民共和国会计法,38,三十八,1,第四章 会计机构和会计人员,,因有提供虚假财务会计报告，做假账，隐匿或者故意销毁会计凭证、会计账簿、财务会计报告，贪污，挪用公款，职务侵占等与会计职务有关的违法行为被依法追究刑事责任的人员，不得再从事会计工作。,concepts/laws/accounting-law/accounting-law-article-038,raw/laws/中华人民共和国会计法.md
中华人民共和国会计法,39,三十九,1,第四章 会计机构和会计人员,,会计人员调动工作或者离职，必须与接管人员办清交接手续。,concepts/laws/accounting-law/accounting-law-article-039,raw/laws/中华人民共和国会计法.md
中华人民共和国会计法,40,四十,1,第五章 法律责任,,违反本法规定，有下列行为之一的，由县级以上人民政府财政部门责令限期改正，给予警告、通报批评，对单位可以并处二十万元以下的罚款，对其直接负责的主管人员和其他直接责任人员可以处五万元以下的罚款；,concepts/laws/accounting-law/accounting-law-article-040,raw/laws/中华人民共和国会计法.md
中华人民共和国会计法,41,四十一,1,第五章 法律责任,,伪造、变造会计凭证、会计账簿，编制虚假财务会计报告，隐匿或者故意销毁依法应当保存的会计凭证、会计账簿、财务会计报告的，由县级以上人民政府财政部门责令限期改正，给予警告、通报批评，没收违法所得，违法所得二十万元以上的，对单位可以并处违法所得一...,concepts/laws/accounting-law/accounting-law-article-041,raw/laws/中华人民共和国会计法.md
中华人民共和国会计法,42,四十二,1,第五章 法律责任,,授意、指使、强令会计机构、会计人员及其他人员伪造、变造会计凭证、会计账簿，编制虚假财务会计报告或者隐匿、故意销毁依法应当保存的会计凭证、会计账簿、财务会计报告的，由县级以上人民政府财政部门给予警告、通报批评，可以并处二十万元以上一百万元以下...,concepts/laws/accounting-law/accounting-law-article-042,raw/laws/中华人民共和国会计法.md
中华人民共和国会计法,43,四十三,1,第五章 法律责任,,单位负责人对依法履行职责、抵制违反本法规定行为的会计人员以降级、撤职、调离工作岗位、解聘或者开除等方式实行打击报复，依法给予处分；构成犯罪的，依法追究刑事责任。,concepts/laws/accounting-law/accounting-law-article-043,raw/laws/中华人民共和国会计法.md
中华人民共和国会计法,44,四十四,1,第五章 法律责任,,财政部门及有关行政部门的工作人员在实施监督管理中滥用职权、玩忽职守、徇私舞弊或者泄露国家秘密、工作秘密、商业秘密、个人隐私、个人信息的，依法给予处分；构成犯罪的，依法追究刑事责任。,concepts/laws/accounting-law/accounting-law-article-044,raw/laws/中华人民共和国会计法.md
中华人民共和国会计法,45,四十五,1,第五章 法律责任,,违反本法规定，将检举人姓名和检举材料转给被检举单位和被检举人个人的，依法给予处分。,concepts/laws/accounting-law/accounting-law-article-045,raw/laws/中华人民共和国会计法.md
中华人民共和国会计法,46,四十六,1,第五章 法律责任,,违反本法规定，但具有《中华人民共和国行政处罚法》规定的从轻、减轻或者不予处罚情形的，依照其规定从轻、减轻或者不予处罚。,concepts/laws/accounting-law/accounting-law-article-046,raw/laws/中华人民共和国会计法.md
中华人民共和国会计法,47,四十七,1,第五章 法律责任,,因违反本法规定受到处罚的，按照国家有关规定记入信用记录。,concepts/laws/accounting-law/accounting-law-article-047,raw/laws/中华人民共和国会计法.md
中华人民共和国会计法,48,四十八,1,第六章 附则,,本法下列用语的含义：单位负责人，是指单位法定代表人或者法律、行政法规规定代表单位行使职权的主要负责人。,concepts/laws/accounting-law/accounting-law-article-048,raw/laws/中华人民共和国会计法.md
中华人民共和国会计法,49,四十九,1,第六章 附则,,个体工商户会计管理的具体办法，由国务院财政部门根据本法的原则另行规定。,concepts/laws/accounting-law/accounting-law-article-049,raw/laws/中华人民共和国会计法.md
中华人民共和国会计法,49,四十九,2,第六章 附则,,中央军事委员会有关部门可以依照本法和国家统一的会计制度制定军队实施国家统一的会计制度的具体办法，抄送国务院财政部门。,concepts/laws/accounting-law/accounting-law-article-049-2,raw/laws/中华人民共和国会计法.md
中华人民共和国会计法,50,五十,1,第六章 附则,,本法自2000年7月1日起施行。,concepts/laws/accounting-law/accounting-law-article-050,raw/laws/中华人民共和国会计法.md
中华人民共和国公司法,1,一,1,第一章　总　　则,,为了规范公司的组织和行为，保护公司、股东、职工和债权人的合法权益，完善中国特色现代企业制度，弘扬企业家精神，维护社会经济秩序，促进社会主义市场经济的发展，根据宪法，制定本法。,concepts/laws/company-law/company-law-article-001,raw/laws/中华人民共和国公司法.md
中华人民共和国公司法,2,二,1,第一章　总　　则,,本法所称公司，是指依照本法在中华人民共和国境内设立的有限责任公司和股份有限公司。,concepts/laws/company-law/company-law-article-002,raw/laws/中华人民共和国公司法.md
中华人民共和国公司法,3,三,1,第一章　总　　则,,公司是企业法人，有独立的法人财产，享有法人财产权。,concepts/laws/company-law/company-law-article-003,raw/laws/中华人民共和国公司法.md
中华人民共和国公司法,4,四,1,第一章　总　　则,,有限责任公司的股东以其认缴的出资额为限对公司承担责任；股份有限公司的股东以其认购的股份为限对公司承担责任。,concepts/laws/company-law/company-law-article-004,raw/laws/中华人民共和国公司法.md
中华人民共和国公司法,5,五,1,第一章　总　　则,,设立公司应当依法制定公司章程。,concepts/laws/company-law/company-law-article-005,raw/laws/中华人民共和国公司法.md
中华人民共和国公司法,6,六,1,第一章　总　　则,,公司应当有自己的名称。,concepts/laws/company-law/company-law-article-006,raw/laws/中华人民共和国公司法.md
中华人民共和国公司法,7,七,1,第一章　总　　则,,依照本法设立的有限责任公司，应当在公司名称中标明有限责任公司或者有限公司字样。,concepts/laws/company-law/company-law-article-007,raw/laws/中华人民共和国公司法.md
中华人民共和国公司法,8,八,1,第一章　总　　则,,公司以其主要办事机构所在地为住所。,concepts/laws/company-law/company-law-article-008,raw/laws/中华人民共和国公司法.md
中华人民共和国公司法,9,九,1,第一章　总　　则,,公司的经营范围由公司章程规定。,concepts/laws/company-law/company-law-article-009,raw/laws/中华人民共和国公司法.md
中华人民共和国公司法,10,十,1,第一章　总　　则,,公司的法定代表人按照公司章程的规定，由代表公司执行公司事务的董事或者经理担任。,concepts/laws/company-law/company-law-article-010,raw/laws/中华人民共和国公司法.md
中华人民共和国公司法,11,十一,1,第一章　总　　则,,法定代表人以公司名义从事的民事活动，其法律后果由公司承受。,concepts/laws/company-law/company-law-article-011,raw/laws/中华人民共和国公司法.md
中华人民共和国公司法,12,十二,1,第一章　总　　则,,有限责任公司变更为股份有限公司，应当符合本法规定的股份有限公司的条件。,concepts/laws/company-law/company-law-article-012,raw/laws/中华人民共和国公司法.md
中华人民共和国公司法,13,十三,1,第一章　总　　则,,公司可以设立子公司。,concepts/laws/company-law/company-law-article-013,raw/laws/中华人民共和国公司法.md
中华人民共和国公司法,14,十四,1,第一章　总　　则,,公司可以向其他企业投资。,concepts/laws/company-law/company-law-article-014,raw/laws/中华人民共和国公司法.md
中华人民共和国公司法,15,十五,1,第一章　总　　则,,公司向其他企业投资或者为他人提供担保，按照公司章程的规定，由董事会或者股东会决议；公司章程对投资或者担保的总额及单项投资或者担保的数额有限额规定的，不得超过规定的限额。,concepts/laws/company-law/company-law-article-015,raw/laws/中华人民共和国公司法.md
中华人民共和国公司法,16,十六,1,第一章　总　　则,,公司应当保护职工的合法权益，依法与职工签订劳动合同，参加社会保险，加强劳动保护，实现安全生产。,concepts/laws/company-law/company-law-article-016,raw/laws/中华人民共和国公司法.md
中华人民共和国公司法,17,十七,1,第一章　总　　则,,公司职工依照《中华人民共和国工会法》组织工会，开展工会活动，维护职工合法权益。,concepts/laws/company-law/company-law-article-017,raw/laws/中华人民共和国公司法.md
中华人民共和国公司法,18,十八,1,第一章　总　　则,,在公司中，根据中国共产党章程的规定，设立中国共产党的组织，开展党的活动。,concepts/laws/company-law/company-law-article-018,raw/laws/中华人民共和国公司法.md
中华人民共和国公司法,19,十九,1,第一章　总　　则,,公司从事经营活动，应当遵守法律法规，遵守社会公德、商业道德，诚实守信，接受政府和社会公众的监督。,concepts/laws/company-law/company-law-article-019,raw/laws/中华人民共和国公司法.md
中华人民共和国公司法,20,二十,1,第一章　总　　则,,公司从事经营活动，应当充分考虑公司职工、消费者等利益相关者的利益以及生态环境保护等社会公共利益，承担社会责任。,concepts/laws/company-law/company-law-article-020,raw/laws/中华人民共和国公司法.md
中华人民共和国公司法,21,二十一,1,第一章　总　　则,,公司股东应当遵守法律、行政法规和公司章程，依法行使股东权利，不得滥用股东权利损害公司或者其他股东的利益。,concepts/laws/company-law/company-law-article-021,raw/laws/中华人民共和国公司法.md
中华人民共和国公司法,22,二十二,1,第一章　总　　则,,公司的控股股东、实际控制人、董事、监事、高级管理人员不得利用关联关系损害公司利益。,concepts/laws/company-law/company-law-article-022,raw/laws/中华人民共和国公司法.md
中华人民共和国公司法,23,二十三,1,第一章　总　　则,,公司股东滥用公司法人独立地位和股东有限责任，逃避债务，严重损害公司债权人利益的，应当对公司债务承担连带责任。,concepts/laws/company-law/company-law-article-023,raw/laws/中华人民共和国公司法.md
中华人民共和国公司法,24,二十四,1,第一章　总　　则,,公司股东会、董事会、监事会召开会议和表决可以采用电子通信方式，公司章程另有规定的除外。,concepts/laws/company-law/company-law-article-024,raw/laws/中华人民共和国公司法.md
中华人民共和国公司法,25,二十五,1,第一章　总　　则,,公司股东会、董事会的决议内容违反法律、行政法规的无效。,concepts/laws/company-law/company-law-article-025,raw/laws/中华人民共和国公司法.md
中华人民共和国公司法,26,二十六,1,第一章　总　　则,,公司股东会、董事会的会议召集程序、表决方式违反法律、行政法规或者公司章程，或者决议内容违反公司章程的，股东自决议作出之日起六十日内，可以请求人民法院撤销。,concepts/laws/company-law/company-law-article-026,raw/laws/中华人民共和国公司法.md
中华人民共和国公司法,27,二十七,1,第一章　总　　则,,有下列情形之一的，公司股东会、董事会的决议不成立：（一）未召开股东会、董事会会议作出决议；,concepts/laws/company-law/company-law-article-027,raw/laws/中华人民共和国公司法.md
中华人民共和国公司法,28,二十八,1,第一章　总　　则,,公司股东会、董事会决议被人民法院宣告无效、撤销或者确认不成立的，公司应当向公司登记机关申请撤销根据该决议已办理的登记。,concepts/laws/company-law/company-law-article-028,raw/laws/中华人民共和国公司法.md
中华人民共和国公司法,29,二十九,1,第二章　公司登记,,设立公司，应当依法向公司登记机关申请设立登记。,concepts/laws/company-law/company-law-article-029,raw/laws/中华人民共和国公司法.md
中华人民共和国公司法,30,三十,1,第二章　公司登记,,申请设立公司，应当提交设立登记申请书、公司章程等文件，提交的相关材料应当真实、合法和有效。,concepts/laws/company-law/company-law-article-030,raw/laws/中华人民共和国公司法.md
中华人民共和国公司法,31,三十一,1,第二章　公司登记,,申请设立公司，符合本法规定的设立条件的，由公司登记机关分别登记为有限责任公司或者股份有限公司；不符合本法规定的设立条件的，不得登记为有限责任公司或者股份有限公司。,concepts/laws/company-law/company-law-article-031,raw/laws/中华人民共和国公司法.md
中华人民共和国公司法,32,三十二,1,第二章　公司登记,,公司登记事项包括：（一）名称；（二）住所；（三）注册资本；（四）经营范围；（五）法定代表人的姓名；（六）有限责任公司股东、股份有限公司发起人的姓名或者名称。,concepts/laws/company-law/company-law-article-032,raw/laws/中华人民共和国公司法.md
中华人民共和国公司法,33,三十三,1,第二章　公司登记,,依法设立的公司，由公司登记机关发给公司营业执照。,concepts/laws/company-law/company-law-article-033,raw/laws/中华人民共和国公司法.md
中华人民共和国公司法,34,三十四,1,第二章　公司登记,,公司登记事项发生变更的，应当依法办理变更登记。,concepts/laws/company-law/company-law-article-034,raw/laws/中华人民共和国公司法.md
中华人民共和国公司法,35,三十五,1,第二章　公司登记,,公司申请变更登记，应当向公司登记机关提交公司法定代表人签署的变更登记申请书、依法作出的变更决议或者决定等文件。,concepts/laws/company-law/company-law-article-035,raw/laws/中华人民共和国公司法.md
中华人民共和国公司法,36,三十六,1,第二章　公司登记,,公司营业执照记载的事项发生变更的，公司办理变更登记后，由公司登记机关换发营业执照。,concepts/laws/company-law/company-law-article-036,raw/laws/中华人民共和国公司法.md
中华人民共和国公司法,37,三十七,1,第二章　公司登记,,公司因解散、被宣告破产或者其他法定事由需要终止的，应当依法向公司登记机关申请注销登记，由公司登记机关公告公司终止。,concepts/laws/company-law/company-law-article-037,raw/laws/中华人民共和国公司法.md
中华人民共和国公司法,38,三十八,1,第二章　公司登记,,公司设立分公司，应当向公司登记机关申请登记，领取营业执照。,concepts/laws/company-law/company-law-article-038,raw/laws/中华人民共和国公司法.md
中华人民共和国公司法,39,三十九,1,第二章　公司登记,,虚报注册资本、提交虚假材料或者采取其他欺诈手段隐瞒重要事实取得公司设立登记的，公司登记机关应当依照法律、行政法规的规定予以撤销。,concepts/laws/company-law/company-law-article-039,raw/laws/中华人民共和国公司法.md
中华人民共和国公司法,40,四十,1,第二章　公司登记,,公司应当按照规定通过国家企业信用信息公示系统公示下列事项：（一）有限责任公司股东认缴和实缴的出资额、出资方式和出资日期，股份有限公司发起人认购的股份数；,concepts/laws/company-law/company-law-article-040,raw/laws/中华人民共和国公司法.md
中华人民共和国公司法,41,四十一,1,第二章　公司登记,,公司登记机关应当优化公司登记办理流程，提高公司登记效率，加强信息化建设，推行网上办理等便捷方式，提升公司登记便利化水平。,concepts/laws/company-law/company-law-article-041,raw/laws/中华人民共和国公司法.md
中华人民共和国公司法,42,四十二,1,第三章　有限责任公司的设立和组织机构,第一节　设　　立,有限责任公司由一个以上五十个以下股东出资设立。,concepts/laws/company-law/company-law-article-042,raw/laws/中华人民共和国公司法.md
中华人民共和国公司法,43,四十三,1,第三章　有限责任公司的设立和组织机构,第一节　设　　立,有限责任公司设立时的股东可以签订设立协议，明确各自在公司设立过程中的权利和义务。,concepts/laws/company-law/company-law-article-043,raw/laws/中华人民共和国公司法.md
中华人民共和国公司法,44,四十四,1,第三章　有限责任公司的设立和组织机构,第一节　设　　立,有限责任公司设立时的股东为设立公司从事的民事活动，其法律后果由公司承受。,concepts/laws/company-law/company-law-article-044,raw/laws/中华人民共和国公司法.md
中华人民共和国公司法,45,四十五,1,第三章　有限责任公司的设立和组织机构,第一节　设　　立,设立有限责任公司，应当由股东共同制定公司章程。,concepts/laws/company-law/company-law-article-045,raw/laws/中华人民共和国公司法.md
中华人民共和国公司法,46,四十六,1,第三章　有限责任公司的设立和组织机构,第一节　设　　立,有限责任公司章程应当载明下列事项：（一）公司名称和住所；,concepts/laws/company-law/company-law-article-046,raw/laws/中华人民共和国公司法.md
中华人民共和国公司法,47,四十七,1,第三章　有限责任公司的设立和组织机构,第一节　设　　立,有限责任公司的注册资本为在公司登记机关登记的全体股东认缴的出资额。,concepts/laws/company-law/company-law-article-047,raw/laws/中华人民共和国公司法.md
中华人民共和国公司法,48,四十八,1,第三章　有限责任公司的设立和组织机构,第一节　设　　立,股东可以用货币出资，也可以用实物、知识产权、土地使用权、股权、债权等可以用货币估价并可以依法转让的非货币财产作价出资；但是，法律、行政法规规定不得作为出资的财产除外。,concepts/laws/company-law/company-law-article-048,raw/laws/中华人民共和国公司法.md
中华人民共和国公司法,49,四十九,1,第三章　有限责任公司的设立和组织机构,第一节　设　　立,股东应当按期足额缴纳公司章程规定的各自所认缴的出资额。,concepts/laws/company-law/company-law-article-049,raw/laws/中华人民共和国公司法.md
中华人民共和国公司法,50,五十,1,第三章　有限责任公司的设立和组织机构,第一节　设　　立,有限责任公司设立时，股东未按照公司章程规定实际缴纳出资，或者实际出资的非货币财产的实际价额显著低于所认缴的出资额的，设立时的其他股东与该股东在出资不足的范围内承担连带责任。,concepts/laws/company-law/company-law-article-050,raw/laws/中华人民共和国公司法.md
中华人民共和国公司法,51,五十一,1,第三章　有限责任公司的设立和组织机构,第一节　设　　立,有限责任公司成立后，董事会应当对股东的出资情况进行核查，发现股东未按期足额缴纳公司章程规定的出资的，应当由公司向该股东发出书面催缴书，催缴出资。,concepts/laws/company-law/company-law-article-051,raw/laws/中华人民共和国公司法.md
中华人民共和国公司法,52,五十二,1,第三章　有限责任公司的设立和组织机构,第一节　设　　立,股东未按照公司章程规定的出资日期缴纳出资，公司依照前条第一款规定发出书面催缴书催缴出资的，可以载明缴纳出资的宽限期；宽限期自公司发出催缴书之日起，不得少于六十日。,concepts/laws/company-law/company-law-article-052,raw/laws/中华人民共和国公司法.md
中华人民共和国公司法,53,五十三,1,第三章　有限责任公司的设立和组织机构,第一节　设　　立,公司成立后，股东不得抽逃出资。,concepts/laws/company-law/company-law-article-053,raw/laws/中华人民共和国公司法.md
中华人民共和国公司法,54,五十四,1,第三章　有限责任公司的设立和组织机构,第一节　设　　立,公司不能清偿到期债务的，公司或者已到期债权的债权人有权要求已认缴出资但未届出资期限的股东提前缴纳出资。,concepts/laws/company-law/company-law-article-054,raw/laws/中华人民共和国公司法.md
中华人民共和国公司法,55,五十五,1,第三章　有限责任公司的设立和组织机构,第一节　设　　立,有限责任公司成立后，应当向股东签发出资证明书，记载下列事项：（一）公司名称；（二）公司成立日期；（三）公司注册资本；（四）股东的姓名或者名称、认缴和实缴的出资额、出资方式和出资日期；（五）出资证明书的编号和核发日期。,concepts/laws/company-law/company-law-article-055,raw/laws/中华人民共和国公司法.md
中华人民共和国公司法,56,五十六,1,第三章　有限责任公司的设立和组织机构,第一节　设　　立,有限责任公司应当置备股东名册，记载下列事项：（一）股东的姓名或者名称及住所；（二）股东认缴和实缴的出资额、出资方式和出资日期；（三）出资证明书编号；（四）取得和丧失股东资格的日期。,concepts/laws/company-law/company-law-article-056,raw/laws/中华人民共和国公司法.md
中华人民共和国公司法,57,五十七,1,第三章　有限责任公司的设立和组织机构,第一节　设　　立,股东有权查阅、复制公司章程、股东名册、股东会会议记录、董事会会议决议、监事会会议决议和财务会计报告。,concepts/laws/company-law/company-law-article-057,raw/laws/中华人民共和国公司法.md
中华人民共和国公司法,58,五十八,1,第三章　有限责任公司的设立和组织机构,第二节　组织机构,有限责任公司股东会由全体股东组成。,concepts/laws/company-law/company-law-article-058,raw/laws/中华人民共和国公司法.md
中华人民共和国公司法,59,五十九,1,第三章　有限责任公司的设立和组织机构,第二节　组织机构,股东会行使下列职权：（一）选举和更换董事、监事，决定有关董事、监事的报酬事项；,concepts/laws/company-law/company-law-article-059,raw/laws/中华人民共和国公司法.md
中华人民共和国公司法,60,六十,1,第三章　有限责任公司的设立和组织机构,第二节　组织机构,只有一个股东的有限责任公司不设股东会。,concepts/laws/company-law/company-law-article-060,raw/laws/中华人民共和国公司法.md
中华人民共和国公司法,61,六十一,1,第三章　有限责任公司的设立和组织机构,第二节　组织机构,首次股东会会议由出资最多的股东召集和主持，依照本法规定行使职权。,concepts/laws/company-law/company-law-article-061,raw/laws/中华人民共和国公司法.md
中华人民共和国公司法,62,六十二,1,第三章　有限责任公司的设立和组织机构,第二节　组织机构,股东会会议分为定期会议和临时会议。,concepts/laws/company-law/company-law-article-062,raw/laws/中华人民共和国公司法.md
中华人民共和国公司法,63,六十三,1,第三章　有限责任公司的设立和组织机构,第二节　组织机构,股东会会议由董事会召集，董事长主持；董事长不能履行职务或者不履行职务的，由副董事长主持；副董事长不能履行职务或者不履行职务的，由过半数的董事共同推举一名董事主持。,concepts/laws/company-law/company-law-article-063,raw/laws/中华人民共和国公司法.md
中华人民共和国公司法,64,六十四,1,第三章　有限责任公司的设立和组织机构,第二节　组织机构,召开股东会会议，应当于会议召开十五日前通知全体股东；但是，公司章程另有规定或者全体股东另有约定的除外。,concepts/laws/company-law/company-law-article-064,raw/laws/中华人民共和国公司法.md
中华人民共和国公司法,65,六十五,1,第三章　有限责任公司的设立和组织机构,第二节　组织机构,股东会会议由股东按照出资比例行使表决权；但是，公司章程另有规定的除外。,concepts/laws/company-law/company-law-article-065,raw/laws/中华人民共和国公司法.md
中华人民共和国公司法,66,六十六,1,第三章　有限责任公司的设立和组织机构,第二节　组织机构,股东会的议事方式和表决程序，除本法有规定的外，由公司章程规定。,concepts/laws/company-law/company-law-article-066,raw/laws/中华人民共和国公司法.md
中华人民共和国公司法,67,六十七,1,第三章　有限责任公司的设立和组织机构,第二节　组织机构,有限责任公司设董事会，本法第七十五条另有规定的除外。,concepts/laws/company-law/company-law-article-067,raw/laws/中华人民共和国公司法.md
中华人民共和国公司法,68,六十八,1,第三章　有限责任公司的设立和组织机构,第二节　组织机构,有限责任公司董事会成员为三人以上，其成员中可以有公司职工代表。,concepts/laws/company-law/company-law-article-068,raw/laws/中华人民共和国公司法.md
中华人民共和国公司法,69,六十九,1,第三章　有限责任公司的设立和组织机构,第二节　组织机构,有限责任公司可以按照公司章程的规定在董事会中设置由董事组成的审计委员会，行使本法规定的监事会的职权，不设监事会或者监事。,concepts/laws/company-law/company-law-article-069,raw/laws/中华人民共和国公司法.md
中华人民共和国公司法,70,七十,1,第三章　有限责任公司的设立和组织机构,第二节　组织机构,董事任期由公司章程规定，但每届任期不得超过三年。,concepts/laws/company-law/company-law-article-070,raw/laws/中华人民共和国公司法.md
中华人民共和国公司法,71,七十一,1,第三章　有限责任公司的设立和组织机构,第二节　组织机构,股东会可以决议解任董事，决议作出之日解任生效。,concepts/laws/company-law/company-law-article-071,raw/laws/中华人民共和国公司法.md
中华人民共和国公司法,72,七十二,1,第三章　有限责任公司的设立和组织机构,第二节　组织机构,董事会会议由董事长召集和主持；董事长不能履行职务或者不履行职务的，由副董事长召集和主持；副董事长不能履行职务或者不履行职务的，由过半数的董事共同推举一名董事召集和主持。,concepts/laws/company-law/company-law-article-072,raw/laws/中华人民共和国公司法.md
中华人民共和国公司法,73,七十三,1,第三章　有限责任公司的设立和组织机构,第二节　组织机构,董事会的议事方式和表决程序，除本法有规定的外，由公司章程规定。,concepts/laws/company-law/company-law-article-073,raw/laws/中华人民共和国公司法.md
中华人民共和国公司法,74,七十四,1,第三章　有限责任公司的设立和组织机构,第二节　组织机构,有限责任公司可以设经理，由董事会决定聘任或者解聘。,concepts/laws/company-law/company-law-article-074,raw/laws/中华人民共和国公司法.md
中华人民共和国公司法,75,七十五,1,第三章　有限责任公司的设立和组织机构,第二节　组织机构,规模较小或者股东人数较少的有限责任公司，可以不设董事会，设一名董事，行使本法规定的董事会的职权。,concepts/laws/company-law/company-law-article-075,raw/laws/中华人民共和国公司法.md
中华人民共和国公司法,76,七十六,1,第三章　有限责任公司的设立和组织机构,第二节　组织机构,有限责任公司设监事会，本法第六十九条、第八十三条另有规定的除外。,concepts/laws/company-law/company-law-article-076,raw/laws/中华人民共和国公司法.md
中华人民共和国公司法,77,七十七,1,第三章　有限责任公司的设立和组织机构,第二节　组织机构,监事的任期每届为三年。,concepts/laws/company-law/company-law-article-077,raw/laws/中华人民共和国公司法.md
中华人民共和国公司法,78,七十八,1,第三章　有限责任公司的设立和组织机构,第二节　组织机构,监事会行使下列职权：（一）检查公司财务；,concepts/laws/company-law/company-law-article-078,raw/laws/中华人民共和国公司法.md
中华人民共和国公司法,79,七十九,1,第三章　有限责任公司的设立和组织机构,第二节　组织机构,监事可以列席董事会会议，并对董事会决议事项提出质询或者建议。,concepts/laws/company-law/company-law-article-079,raw/laws/中华人民共和国公司法.md
中华人民共和国公司法,80,八十,1,第三章　有限责任公司的设立和组织机构,第二节　组织机构,监事会可以要求董事、高级管理人员提交执行职务的报告。,concepts/laws/company-law/company-law-article-080,raw/laws/中华人民共和国公司法.md
中华人民共和国公司法,81,八十一,1,第三章　有限责任公司的设立和组织机构,第二节　组织机构,监事会每年度至少召开一次会议，监事可以提议召开临时监事会会议。,concepts/laws/company-law/company-law-article-081,raw/laws/中华人民共和国公司法.md
中华人民共和国公司法,82,八十二,1,第三章　有限责任公司的设立和组织机构,第二节　组织机构,监事会行使职权所必需的费用，由公司承担。,concepts/laws/company-law/company-law-article-082,raw/laws/中华人民共和国公司法.md
中华人民共和国公司法,83,八十三,1,第三章　有限责任公司的设立和组织机构,第二节　组织机构,规模较小或者股东人数较少的有限责任公司，可以不设监事会，设一名监事，行使本法规定的监事会的职权；经全体股东一致同意，也可以不设监事。,concepts/laws/company-law/company-law-article-083,raw/laws/中华人民共和国公司法.md
中华人民共和国公司法,84,八十四,1,第四章　有限责任公司的股权转让,,有限责任公司的股东之间可以相互转让其全部或者部分股权。,concepts/laws/company-law/company-law-article-084,raw/laws/中华人民共和国公司法.md
中华人民共和国公司法,85,八十五,1,第四章　有限责任公司的股权转让,,人民法院依照法律规定的强制执行程序转让股东的股权时，应当通知公司及全体股东，其他股东在同等条件下有优先购买权。,concepts/laws/company-law/company-law-article-085,raw/laws/中华人民共和国公司法.md
中华人民共和国公司法,86,八十六,1,第四章　有限责任公司的股权转让,,股东转让股权的，应当书面通知公司，请求变更股东名册；需要办理变更登记的，并请求公司向公司登记机关办理变更登记。,concepts/laws/company-law/company-law-article-086,raw/laws/中华人民共和国公司法.md
中华人民共和国公司法,87,八十七,1,第四章　有限责任公司的股权转让,,依照本法转让股权后，公司应当及时注销原股东的出资证明书，向新股东签发出资证明书，并相应修改公司章程和股东名册中有关股东及其出资额的记载。,concepts/laws/company-law/company-law-article-087,raw/laws/中华人民共和国公司法.md
中华人民共和国公司法,88,八十八,1,第四章　有限责任公司的股权转让,,股东转让已认缴出资但未届出资期限的股权的，由受让人承担缴纳该出资的义务；受让人未按期足额缴纳出资的，转让人对受让人未按期缴纳的出资承担补充责任。,concepts/laws/company-law/company-law-article-088,raw/laws/中华人民共和国公司法.md
中华人民共和国公司法,89,八十九,1,第四章　有限责任公司的股权转让,,有下列情形之一的，对股东会该项决议投反对票的股东可以请求公司按照合理的价格收购其股权：（一）公司连续五年不向股东分配利润，而公司该五年连续盈利，并且符合本法规定的分配利润条件；,concepts/laws/company-law/company-law-article-089,raw/laws/中华人民共和国公司法.md
中华人民共和国公司法,90,九十,1,第四章　有限责任公司的股权转让,,自然人股东死亡后，其合法继承人可以继承股东资格；但是，公司章程另有规定的除外。,concepts/laws/company-law/company-law-article-090,raw/laws/中华人民共和国公司法.md
中华人民共和国公司法,91,九十一,1,第五章　股份有限公司的设立和组织机构,第一节　设　　立,设立股份有限公司，可以采取发起设立或者募集设立的方式。,concepts/laws/company-law/company-law-article-091,raw/laws/中华人民共和国公司法.md
中华人民共和国公司法,92,九十二,1,第五章　股份有限公司的设立和组织机构,第一节　设　　立,设立股份有限公司，应当有一人以上二百人以下为发起人，其中应当有半数以上的发起人在中华人民共和国境内有住所。,concepts/laws/company-law/company-law-article-092,raw/laws/中华人民共和国公司法.md
中华人民共和国公司法,93,九十三,1,第五章　股份有限公司的设立和组织机构,第一节　设　　立,股份有限公司发起人承担公司筹办事务。,concepts/laws/company-law/company-law-article-093,raw/laws/中华人民共和国公司法.md
中华人民共和国公司法,94,九十四,1,第五章　股份有限公司的设立和组织机构,第一节　设　　立,设立股份有限公司，应当由发起人共同制订公司章程。,concepts/laws/company-law/company-law-article-094,raw/laws/中华人民共和国公司法.md
中华人民共和国公司法,95,九十五,1,第五章　股份有限公司的设立和组织机构,第一节　设　　立,股份有限公司章程应当载明下列事项：（一）公司名称和住所；,concepts/laws/company-law/company-law-article-095,raw/laws/中华人民共和国公司法.md
中华人民共和国公司法,96,九十六,1,第五章　股份有限公司的设立和组织机构,第一节　设　　立,股份有限公司的注册资本为在公司登记机关登记的已发行股份的股本总额。,concepts/laws/company-law/company-law-article-096,raw/laws/中华人民共和国公司法.md
中华人民共和国公司法,97,九十七,1,第五章　股份有限公司的设立和组织机构,第一节　设　　立,以发起设立方式设立股份有限公司的，发起人应当认足公司章程规定的公司设立时应发行的股份。,concepts/laws/company-law/company-law-article-097,raw/laws/中华人民共和国公司法.md
中华人民共和国公司法,98,九十八,1,第五章　股份有限公司的设立和组织机构,第一节　设　　立,发起人应当在公司成立前按照其认购的股份全额缴纳股款。,concepts/laws/company-law/company-law-article-098,raw/laws/中华人民共和国公司法.md
中华人民共和国公司法,99,九十九,1,第五章　股份有限公司的设立和组织机构,第一节　设　　立,发起人不按照其认购的股份缴纳股款，或者作为出资的非货币财产的实际价额显著低于所认购的股份的，其他发起人与该发起人在出资不足的范围内承担连带责任。,concepts/laws/company-law/company-law-article-099,raw/laws/中华人民共和国公司法.md
中华人民共和国公司法,100,一百,1,第五章　股份有限公司的设立和组织机构,第一节　设　　立,发起人向社会公开募集股份，应当公告招股说明书，并制作认股书。,concepts/laws/company-law/company-law-article-100,raw/laws/中华人民共和国公司法.md
中华人民共和国公司法,101,一百零一,1,第五章　股份有限公司的设立和组织机构,第一节　设　　立,向社会公开募集股份的股款缴足后，应当经依法设立的验资机构验资并出具证明。,concepts/laws/company-law/company-law-article-101,raw/laws/中华人民共和国公司法.md
中华人民共和国公司法,102,一百零二,1,第五章　股份有限公司的设立和组织机构,第一节　设　　立,股份有限公司应当制作股东名册并置备于公司。,concepts/laws/company-law/company-law-article-102,raw/laws/中华人民共和国公司法.md
中华人民共和国公司法,103,一百零三,1,第五章　股份有限公司的设立和组织机构,第一节　设　　立,募集设立股份有限公司的发起人应当自公司设立时应发行股份的股款缴足之日起三十日内召开公司成立大会。,concepts/laws/company-law/company-law-article-103,raw/laws/中华人民共和国公司法.md
中华人民共和国公司法,104,一百零四,1,第五章　股份有限公司的设立和组织机构,第一节　设　　立,公司成立大会行使下列职权：（一）审议发起人关于公司筹办情况的报告；,concepts/laws/company-law/company-law-article-104,raw/laws/中华人民共和国公司法.md
中华人民共和国公司法,105,一百零五,1,第五章　股份有限公司的设立和组织机构,第一节　设　　立,公司设立时应发行的股份未募足，或者发行股份的股款缴足后，发起人在三十日内未召开成立大会的，认股人可以按照所缴股款并加算银行同期存款利息，要求发起人返还。,concepts/laws/company-law/company-law-article-105,raw/laws/中华人民共和国公司法.md
中华人民共和国公司法,106,一百零六,1,第五章　股份有限公司的设立和组织机构,第一节　设　　立,董事会应当授权代表，于公司成立大会结束后三十日内向公司登记机关申请设立登记。,concepts/laws/company-law/company-law-article-106,raw/laws/中华人民共和国公司法.md
中华人民共和国公司法,107,一百零七,1,第五章　股份有限公司的设立和组织机构,第一节　设　　立,本法第四十四条、第四十九条第三款、第五十一条、第五十二条、第五十三条的规定，适用于股份有限公司。,concepts/laws/company-law/company-law-article-107,raw/laws/中华人民共和国公司法.md
中华人民共和国公司法,108,一百零八,1,第五章　股份有限公司的设立和组织机构,第一节　设　　立,有限责任公司变更为股份有限公司时，折合的实收股本总额不得高于公司净资产额。,concepts/laws/company-law/company-law-article-108,raw/laws/中华人民共和国公司法.md
中华人民共和国公司法,109,一百零九,1,第五章　股份有限公司的设立和组织机构,第一节　设　　立,股份有限公司应当将公司章程、股东名册、股东会会议记录、董事会会议记录、监事会会议记录、财务会计报告、债券持有人名册置备于本公司。,concepts/laws/company-law/company-law-article-109,raw/laws/中华人民共和国公司法.md
中华人民共和国公司法,110,一百一十,1,第五章　股份有限公司的设立和组织机构,第一节　设　　立,股东有权查阅、复制公司章程、股东名册、股东会会议记录、董事会会议决议、监事会会议决议、财务会计报告，对公司的经营提出建议或者质询。,concepts/laws/company-law/company-law-article-110,raw/laws/中华人民共和国公司法.md
中华人民共和国公司法,111,一百一十一,1,第五章　股份有限公司的设立和组织机构,第二节　股东会,股份有限公司股东会由全体股东组成。,concepts/laws/company-law/company-law-article-111,raw/laws/中华人民共和国公司法.md
中华人民共和国公司法,112,一百一十二,1,第五章　股份有限公司的设立和组织机构,第二节　股东会,本法第五十九条第一款、第二款关于有限责任公司股东会职权的规定，适用于股份有限公司股东会。,concepts/laws/company-law/company-law-article-112,raw/laws/中华人民共和国公司法.md
中华人民共和国公司法,113,一百一十三,1,第五章　股份有限公司的设立和组织机构,第二节　股东会,股东会应当每年召开一次年会。,concepts/laws/company-law/company-law-article-113,raw/laws/中华人民共和国公司法.md
中华人民共和国公司法,114,一百一十四,1,第五章　股份有限公司的设立和组织机构,第二节　股东会,股东会会议由董事会召集，董事长主持；董事长不能履行职务或者不履行职务的，由副董事长主持；副董事长不能履行职务或者不履行职务的，由过半数的董事共同推举一名董事主持。,concepts/laws/company-law/company-law-article-114,raw/laws/中华人民共和国公司法.md
中华人民共和国公司法,115,一百一十五,1,第五章　股份有限公司的设立和组织机构,第二节　股东会,召开股东会会议，应当将会议召开的时间、地点和审议的事项于会议召开二十日前通知各股东；临时股东会会议应当于会议召开十五日前通知各股东。,concepts/laws/company-law/company-law-article-115,raw/laws/中华人民共和国公司法.md
中华人民共和国公司法,116,一百一十六,1,第五章　股份有限公司的设立和组织机构,第二节　股东会,股东出席股东会会议，所持每一股份有一表决权，类别股股东除外。,concepts/laws/company-law/company-law-article-116,raw/laws/中华人民共和国公司法.md
中华人民共和国公司法,117,一百一十七,1,第五章　股份有限公司的设立和组织机构,第二节　股东会,股东会选举董事、监事，可以按照公司章程的规定或者股东会的决议，实行累积投票制。,concepts/laws/company-law/company-law-article-117,raw/laws/中华人民共和国公司法.md
中华人民共和国公司法,118,一百一十八,1,第五章　股份有限公司的设立和组织机构,第二节　股东会,股东委托代理人出席股东会会议的，应当明确代理人代理的事项、权限和期限；代理人应当向公司提交股东授权委托书，并在授权范围内行使表决权。,concepts/laws/company-law/company-law-article-118,raw/laws/中华人民共和国公司法.md
中华人民共和国公司法,119,一百一十九,1,第五章　股份有限公司的设立和组织机构,第二节　股东会,股东会应当对所议事项的决定作成会议记录，主持人、出席会议的董事应当在会议记录上签名。,concepts/laws/company-law/company-law-article-119,raw/laws/中华人民共和国公司法.md
中华人民共和国公司法,120,一百二十,1,第五章　股份有限公司的设立和组织机构,第三节　董事会、经理,股份有限公司设董事会，本法第一百二十八条另有规定的除外。,concepts/laws/company-law/company-law-article-120,raw/laws/中华人民共和国公司法.md
中华人民共和国公司法,121,一百二十一,1,第五章　股份有限公司的设立和组织机构,第三节　董事会、经理,股份有限公司可以按照公司章程的规定在董事会中设置由董事组成的审计委员会，行使本法规定的监事会的职权，不设监事会或者监事。,concepts/laws/company-law/company-law-article-121,raw/laws/中华人民共和国公司法.md
中华人民共和国公司法,122,一百二十二,1,第五章　股份有限公司的设立和组织机构,第三节　董事会、经理,董事会设董事长一人，可以设副董事长。,concepts/laws/company-law/company-law-article-122,raw/laws/中华人民共和国公司法.md
中华人民共和国公司法,123,一百二十三,1,第五章　股份有限公司的设立和组织机构,第三节　董事会、经理,董事会每年度至少召开两次会议，每次会议应当于会议召开十日前通知全体董事和监事。,concepts/laws/company-law/company-law-article-123,raw/laws/中华人民共和国公司法.md
中华人民共和国公司法,124,一百二十四,1,第五章　股份有限公司的设立和组织机构,第三节　董事会、经理,董事会会议应当有过半数的董事出席方可举行。,concepts/laws/company-law/company-law-article-124,raw/laws/中华人民共和国公司法.md
中华人民共和国公司法,125,一百二十五,1,第五章　股份有限公司的设立和组织机构,第三节　董事会、经理,董事会会议，应当由董事本人出席；董事因故不能出席，可以书面委托其他董事代为出席，委托书应当载明授权范围。,concepts/laws/company-law/company-law-article-125,raw/laws/中华人民共和国公司法.md
中华人民共和国公司法,126,一百二十六,1,第五章　股份有限公司的设立和组织机构,第三节　董事会、经理,股份有限公司设经理，由董事会决定聘任或者解聘。,concepts/laws/company-law/company-law-article-126,raw/laws/中华人民共和国公司法.md
中华人民共和国公司法,127,一百二十七,1,第五章　股份有限公司的设立和组织机构,第三节　董事会、经理,公司董事会可以决定由董事会成员兼任经理。,concepts/laws/company-law/company-law-article-127,raw/laws/中华人民共和国公司法.md
中华人民共和国公司法,128,一百二十八,1,第五章　股份有限公司的设立和组织机构,第三节　董事会、经理,规模较小或者股东人数较少的股份有限公司，可以不设董事会，设一名董事，行使本法规定的董事会的职权。,concepts/laws/company-law/company-law-article-128,raw/laws/中华人民共和国公司法.md
中华人民共和国公司法,129,一百二十九,1,第五章　股份有限公司的设立和组织机构,第三节　董事会、经理,公司应当定期向股东披露董事、监事、高级管理人员从公司获得报酬的情况。,concepts/laws/company-law/company-law-article-129,raw/laws/中华人民共和国公司法.md
中华人民共和国公司法,130,一百三十,1,第五章　股份有限公司的设立和组织机构,第四节　监事会,股份有限公司设监事会，本法第一百二十一条第一款、第一百三十三条另有规定的除外。,concepts/laws/company-law/company-law-article-130,raw/laws/中华人民共和国公司法.md
中华人民共和国公司法,131,一百三十一,1,第五章　股份有限公司的设立和组织机构,第四节　监事会,本法第七十八条至第八十条的规定，适用于股份有限公司监事会。,concepts/laws/company-law/company-law-article-131,raw/laws/中华人民共和国公司法.md
中华人民共和国公司法,132,一百三十二,1,第五章　股份有限公司的设立和组织机构,第四节　监事会,监事会每六个月至少召开一次会议。,concepts/laws/company-law/company-law-article-132,raw/laws/中华人民共和国公司法.md
中华人民共和国公司法,133,一百三十三,1,第五章　股份有限公司的设立和组织机构,第四节　监事会,规模较小或者股东人数较少的股份有限公司，可以不设监事会，设一名监事，行使本法规定的监事会的职权。,concepts/laws/company-law/company-law-article-133,raw/laws/中华人民共和国公司法.md
中华人民共和国公司法,134,一百三十四,1,第五章　股份有限公司的设立和组织机构,第五节　上市公司组织机构的特别规定,本法所称上市公司，是指其股票在证券交易所上市交易的股份有限公司。,concepts/laws/company-law/company-law-article-134,raw/laws/中华人民共和国公司法.md
中华人民共和国公司法,135,一百三十五,1,第五章　股份有限公司的设立和组织机构,第五节　上市公司组织机构的特别规定,上市公司在一年内购买、出售重大资产或者向他人提供担保的金额超过公司资产总额百分之三十的，应当由股东会作出决议，并经出席会议的股东所持表决权的三分之二以上通过。,concepts/laws/company-law/company-law-article-135,raw/laws/中华人民共和国公司法.md
中华人民共和国公司法,136,一百三十六,1,第五章　股份有限公司的设立和组织机构,第五节　上市公司组织机构的特别规定,上市公司设独立董事，具体管理办法由国务院证券监督管理机构规定。,concepts/laws/company-law/company-law-article-136,raw/laws/中华人民共和国公司法.md
中华人民共和国公司法,137,一百三十七,1,第五章　股份有限公司的设立和组织机构,第五节　上市公司组织机构的特别规定,上市公司在董事会中设置审计委员会的，董事会对下列事项作出决议前应当经审计委员会全体成员过半数通过：（一）聘用、解聘承办公司审计业务的会计师事务所；,concepts/laws/company-law/company-law-article-137,raw/laws/中华人民共和国公司法.md
中华人民共和国公司法,138,一百三十八,1,第五章　股份有限公司的设立和组织机构,第五节　上市公司组织机构的特别规定,上市公司设董事会秘书，负责公司股东会和董事会会议的筹备、文件保管以及公司股东资料的管理，办理信息披露事务等事宜。,concepts/laws/company-law/company-law-article-138,raw/laws/中华人民共和国公司法.md
中华人民共和国公司法,139,一百三十九,1,第五章　股份有限公司的设立和组织机构,第五节　上市公司组织机构的特别规定,上市公司董事与董事会会议决议事项所涉及的企业或者个人有关联关系的，该董事应当及时向董事会书面报告。,concepts/laws/company-law/company-law-article-139,raw/laws/中华人民共和国公司法.md
中华人民共和国公司法,140,一百四十,1,第五章　股份有限公司的设立和组织机构,第五节　上市公司组织机构的特别规定,上市公司应当依法披露股东、实际控制人的信息，相关信息应当真实、准确、完整。,concepts/laws/company-law/company-law-article-140,raw/laws/中华人民共和国公司法.md
中华人民共和国公司法,141,一百四十一,1,第五章　股份有限公司的设立和组织机构,第五节　上市公司组织机构的特别规定,上市公司控股子公司不得取得该上市公司的股份。,concepts/laws/company-law/company-law-article-141,raw/laws/中华人民共和国公司法.md
中华人民共和国公司法,142,一百四十二,1,第六章　股份有限公司的股份发行和转让,第一节　股份发行,公司的资本划分为股份。,concepts/laws/company-law/company-law-article-142,raw/laws/中华人民共和国公司法.md
中华人民共和国公司法,143,一百四十三,1,第六章　股份有限公司的股份发行和转让,第一节　股份发行,股份的发行，实行公平、公正的原则，同类别的每一股份应当具有同等权利。,concepts/laws/company-law/company-law-article-143,raw/laws/中华人民共和国公司法.md
中华人民共和国公司法,144,一百四十四,1,第六章　股份有限公司的股份发行和转让,第一节　股份发行,公司可以按照公司章程的规定发行下列与普通股权利不同的类别股：（一）优先或者劣后分配利润或者剩余财产的股份；（二）每一股的表决权数多于或者少于普通股的股份；（三）转让须经公司同意等转让受限的股份；（四）国务院规定的其他类别股。,concepts/laws/company-law/company-law-article-144,raw/laws/中华人民共和国公司法.md
中华人民共和国公司法,145,一百四十五,1,第六章　股份有限公司的股份发行和转让,第一节　股份发行,发行类别股的公司，应当在公司章程中载明以下事项：（一）类别股分配利润或者剩余财产的顺序；（二）类别股的表决权数；（三）类别股的转让限制；（四）保护中小股东权益的措施；（五）股东会认为需要规定的其他事项。,concepts/laws/company-law/company-law-article-145,raw/laws/中华人民共和国公司法.md
中华人民共和国公司法,146,一百四十六,1,第六章　股份有限公司的股份发行和转让,第一节　股份发行,发行类别股的公司，有本法第一百一十六条第三款规定的事项等可能影响类别股股东权利的，除应当依照第一百一十六条第三款的规定经股东会决议外，还应当经出席类别股股东会议的股东所持表决权的三分之二以上通过。,concepts/laws/company-law/company-law-article-146,raw/laws/中华人民共和国公司法.md
中华人民共和国公司法,147,一百四十七,1,第六章　股份有限公司的股份发行和转让,第一节　股份发行,公司的股份采取股票的形式。,concepts/laws/company-law/company-law-article-147,raw/laws/中华人民共和国公司法.md
中华人民共和国公司法,148,一百四十八,1,第六章　股份有限公司的股份发行和转让,第一节　股份发行,面额股股票的发行价格可以按票面金额，也可以超过票面金额，但不得低于票面金额。,concepts/laws/company-law/company-law-article-148,raw/laws/中华人民共和国公司法.md
中华人民共和国公司法,149,一百四十九,1,第六章　股份有限公司的股份发行和转让,第一节　股份发行,股票采用纸面形式或者国务院证券监督管理机构规定的其他形式。,concepts/laws/company-law/company-law-article-149,raw/laws/中华人民共和国公司法.md
中华人民共和国公司法,150,一百五十,1,第六章　股份有限公司的股份发行和转让,第一节　股份发行,股份有限公司成立后，即向股东正式交付股票。,concepts/laws/company-law/company-law-article-150,raw/laws/中华人民共和国公司法.md
中华人民共和国公司法,151,一百五十一,1,第六章　股份有限公司的股份发行和转让,第一节　股份发行,公司发行新股，股东会应当对下列事项作出决议：（一）新股种类及数额；（二）新股发行价格；（三）新股发行的起止日期；（四）向原有股东发行新股的种类及数额；（五）发行无面额股的，新股发行所得股款计入注册资本的金额。,concepts/laws/company-law/company-law-article-151,raw/laws/中华人民共和国公司法.md
中华人民共和国公司法,152,一百五十二,1,第六章　股份有限公司的股份发行和转让,第一节　股份发行,公司章程或者股东会可以授权董事会在三年内决定发行不超过已发行股份百分之五十的股份。,concepts/laws/company-law/company-law-article-152,raw/laws/中华人民共和国公司法.md
中华人民共和国公司法,153,一百五十三,1,第六章　股份有限公司的股份发行和转让,第一节　股份发行,公司章程或者股东会授权董事会决定发行新股的，董事会决议应当经全体董事三分之二以上通过。,concepts/laws/company-law/company-law-article-153,raw/laws/中华人民共和国公司法.md
中华人民共和国公司法,154,一百五十四,1,第六章　股份有限公司的股份发行和转让,第一节　股份发行,公司向社会公开募集股份，应当经国务院证券监督管理机构注册，公告招股说明书。,concepts/laws/company-law/company-law-article-154,raw/laws/中华人民共和国公司法.md
中华人民共和国公司法,155,一百五十五,1,第六章　股份有限公司的股份发行和转让,第一节　股份发行,公司向社会公开募集股份，应当由依法设立的证券公司承销，签订承销协议。,concepts/laws/company-law/company-law-article-155,raw/laws/中华人民共和国公司法.md
中华人民共和国公司法,156,一百五十六,1,第六章　股份有限公司的股份发行和转让,第一节　股份发行,公司向社会公开募集股份，应当同银行签订代收股款协议。,concepts/laws/company-law/company-law-article-156,raw/laws/中华人民共和国公司法.md
中华人民共和国公司法,157,一百五十七,1,第六章　股份有限公司的股份发行和转让,第二节　股份转让,股份有限公司的股东持有的股份可以向其他股东转让，也可以向股东以外的人转让；公司章程对股份转让有限制的，其转让按照公司章程的规定进行。,concepts/laws/company-law/company-law-article-157,raw/laws/中华人民共和国公司法.md
中华人民共和国公司法,158,一百五十八,1,第六章　股份有限公司的股份发行和转让,第二节　股份转让,股东转让其股份，应当在依法设立的证券交易场所进行或者按照国务院规定的其他方式进行。,concepts/laws/company-law/company-law-article-158,raw/laws/中华人民共和国公司法.md
中华人民共和国公司法,159,一百五十九,1,第六章　股份有限公司的股份发行和转让,第二节　股份转让,股票的转让，由股东以背书方式或者法律、行政法规规定的其他方式进行；转让后由公司将受让人的姓名或者名称及住所记载于股东名册。,concepts/laws/company-law/company-law-article-159,raw/laws/中华人民共和国公司法.md
中华人民共和国公司法,160,一百六十,1,第六章　股份有限公司的股份发行和转让,第二节　股份转让,公司公开发行股份前已发行的股份，自公司股票在证券交易所上市交易之日起一年内不得转让。,concepts/laws/company-law/company-law-article-160,raw/laws/中华人民共和国公司法.md
中华人民共和国公司法,161,一百六十一,1,第六章　股份有限公司的股份发行和转让,第二节　股份转让,有下列情形之一的，对股东会该项决议投反对票的股东可以请求公司按照合理的价格收购其股份，公开发行股份的公司除外：（一）公司连续五年不向股东分配利润，而公司该五年连续盈利，并且符合本法规定的分配利润条件；,concepts/laws/company-law/company-law-article-161,raw/laws/中华人民共和国公司法.md
中华人民共和国公司法,162,一百六十二,1,第六章　股份有限公司的股份发行和转让,第二节　股份转让,公司不得收购本公司股份。,concepts/laws/company-law/company-law-article-162,raw/laws/中华人民共和国公司法.md
中华人民共和国公司法,163,一百六十三,1,第六章　股份有限公司的股份发行和转让,第二节　股份转让,公司不得为他人取得本公司或者其母公司的股份提供赠与、借款、担保以及其他财务资助，公司实施员工持股计划的除外。,concepts/laws/company-law/company-law-article-163,raw/laws/中华人民共和国公司法.md
中华人民共和国公司法,164,一百六十四,1,第六章　股份有限公司的股份发行和转让,第二节　股份转让,股票被盗、遗失或者灭失，股东可以依照《中华人民共和国民事诉讼法》规定的公示催告程序，请求人民法院宣告该股票失效。,concepts/laws/company-law/company-law-article-164,raw/laws/中华人民共和国公司法.md
中华人民共和国公司法,165,一百六十五,1,第六章　股份有限公司的股份发行和转让,第二节　股份转让,上市公司的股票，依照有关法律、行政法规及证券交易所交易规则上市交易。,concepts/laws/company-law/company-law-article-165,raw/laws/中华人民共和国公司法.md
中华人民共和国公司法,166,一百六十六,1,第六章　股份有限公司的股份发行和转让,第二节　股份转让,上市公司应当依照法律、行政法规的规定披露相关信息。,concepts/laws/company-law/company-law-article-166,raw/laws/中华人民共和国公司法.md
中华人民共和国公司法,167,一百六十七,1,第六章　股份有限公司的股份发行和转让,第二节　股份转让,自然人股东死亡后，其合法继承人可以继承股东资格；但是，股份转让受限的股份有限公司的章程另有规定的除外。,concepts/laws/company-law/company-law-article-167,raw/laws/中华人民共和国公司法.md
中华人民共和国公司法,168,一百六十八,1,第七章　国家出资公司组织机构的特别规定,,国家出资公司的组织机构，适用本章规定；本章没有规定的，适用本法其他规定。,concepts/laws/company-law/company-law-article-168,raw/laws/中华人民共和国公司法.md
中华人民共和国公司法,169,一百六十九,1,第七章　国家出资公司组织机构的特别规定,,国家出资公司，由国务院或者地方人民政府分别代表国家依法履行出资人职责，享有出资人权益。,concepts/laws/company-law/company-law-article-169,raw/laws/中华人民共和国公司法.md
中华人民共和国公司法,170,一百七十,1,第七章　国家出资公司组织机构的特别规定,,国家出资公司中中国共产党的组织，按照中国共产党章程的规定发挥领导作用，研究讨论公司重大经营管理事项，支持公司的组织机构依法行使职权。,concepts/laws/company-law/company-law-article-170,raw/laws/中华人民共和国公司法.md
中华人民共和国公司法,171,一百七十一,1,第七章　国家出资公司组织机构的特别规定,,国有独资公司章程由履行出资人职责的机构制定。,concepts/laws/company-law/company-law-article-171,raw/laws/中华人民共和国公司法.md
中华人民共和国公司法,172,一百七十二,1,第七章　国家出资公司组织机构的特别规定,,国有独资公司不设股东会，由履行出资人职责的机构行使股东会职权。,concepts/laws/company-law/company-law-article-172,raw/laws/中华人民共和国公司法.md
中华人民共和国公司法,173,一百七十三,1,第七章　国家出资公司组织机构的特别规定,,国有独资公司的董事会依照本法规定行使职权。,concepts/laws/company-law/company-law-article-173,raw/laws/中华人民共和国公司法.md
中华人民共和国公司法,174,一百七十四,1,第七章　国家出资公司组织机构的特别规定,,国有独资公司的经理由董事会聘任或者解聘。,concepts/laws/company-law/company-law-article-174,raw/laws/中华人民共和国公司法.md
中华人民共和国公司法,175,一百七十五,1,第七章　国家出资公司组织机构的特别规定,,国有独资公司的董事、高级管理人员，未经履行出资人职责的机构同意，不得在其他有限责任公司、股份有限公司或者其他经济组织兼职。,concepts/laws/company-law/company-law-article-175,raw/laws/中华人民共和国公司法.md
中华人民共和国公司法,176,一百七十六,1,第七章　国家出资公司组织机构的特别规定,,国有独资公司在董事会中设置由董事组成的审计委员会行使本法规定的监事会职权的，不设监事会或者监事。,concepts/laws/company-law/company-law-article-176,raw/laws/中华人民共和国公司法.md
中华人民共和国公司法,177,一百七十七,1,第七章　国家出资公司组织机构的特别规定,,国家出资公司应当依法建立健全内部监督管理和风险控制制度，加强内部合规管理。,concepts/laws/company-law/company-law-article-177,raw/laws/中华人民共和国公司法.md
中华人民共和国公司法,178,一百七十八,1,第八章　公司董事、监事、高级管理人员的资格和义务,,有下列情形之一的，不得担任公司的董事、监事、高级管理人员：（一）无民事行为能力或者限制民事行为能力；,concepts/laws/company-law/company-law-article-178,raw/laws/中华人民共和国公司法.md
中华人民共和国公司法,179,一百七十九,1,第八章　公司董事、监事、高级管理人员的资格和义务,,董事、监事、高级管理人员应当遵守法律、行政法规和公司章程。,concepts/laws/company-law/company-law-article-179,raw/laws/中华人民共和国公司法.md
中华人民共和国公司法,180,一百八十,1,第八章　公司董事、监事、高级管理人员的资格和义务,,董事、监事、高级管理人员对公司负有忠实义务，应当采取措施避免自身利益与公司利益冲突，不得利用职权牟取不正当利益。,concepts/laws/company-law/company-law-article-180,raw/laws/中华人民共和国公司法.md
中华人民共和国公司法,181,一百八十一,1,第八章　公司董事、监事、高级管理人员的资格和义务,,董事、监事、高级管理人员不得有下列行为：（一）侵占公司财产、挪用公司资金；,concepts/laws/company-law/company-law-article-181,raw/laws/中华人民共和国公司法.md
中华人民共和国公司法,182,一百八十二,1,第八章　公司董事、监事、高级管理人员的资格和义务,,董事、监事、高级管理人员，直接或者间接与本公司订立合同或者进行交易，应当就与订立合同或者进行交易有关的事项向董事会或者股东会报告，并按照公司章程的规定经董事会或者股东会决议通过。,concepts/laws/company-law/company-law-article-182,raw/laws/中华人民共和国公司法.md
中华人民共和国公司法,183,一百八十三,1,第八章　公司董事、监事、高级管理人员的资格和义务,,董事、监事、高级管理人员，不得利用职务便利为自己或者他人谋取属于公司的商业机会。,concepts/laws/company-law/company-law-article-183,raw/laws/中华人民共和国公司法.md
中华人民共和国公司法,184,一百八十四,1,第八章　公司董事、监事、高级管理人员的资格和义务,,董事、监事、高级管理人员未向董事会或者股东会报告，并按照公司章程的规定经董事会或者股东会决议通过，不得自营或者为他人经营与其任职公司同类的业务。,concepts/laws/company-law/company-law-article-184,raw/laws/中华人民共和国公司法.md
中华人民共和国公司法,185,一百八十五,1,第八章　公司董事、监事、高级管理人员的资格和义务,,董事会对本法第一百八十二条至第一百八十四条规定的事项决议时，关联董事不得参与表决，其表决权不计入表决权总数。,concepts/laws/company-law/company-law-article-185,raw/laws/中华人民共和国公司法.md
中华人民共和国公司法,186,一百八十六,1,第八章　公司董事、监事、高级管理人员的资格和义务,,董事、监事、高级管理人员违反本法第一百八十一条至第一百八十四条规定所得的收入应当归公司所有。,concepts/laws/company-law/company-law-article-186,raw/laws/中华人民共和国公司法.md
中华人民共和国公司法,187,一百八十七,1,第八章　公司董事、监事、高级管理人员的资格和义务,,股东会要求董事、监事、高级管理人员列席会议的，董事、监事、高级管理人员应当列席并接受股东的质询。,concepts/laws/company-law/company-law-article-187,raw/laws/中华人民共和国公司法.md
中华人民共和国公司法,188,一百八十八,1,第八章　公司董事、监事、高级管理人员的资格和义务,,董事、监事、高级管理人员执行职务违反法律、行政法规或者公司章程的规定，给公司造成损失的，应当承担赔偿责任。,concepts/laws/company-law/company-law-article-188,raw/laws/中华人民共和国公司法.md
中华人民共和国公司法,189,一百八十九,1,第八章　公司董事、监事、高级管理人员的资格和义务,,董事、高级管理人员有前条规定的情形的，有限责任公司的股东、股份有限公司连续一百八十日以上单独或者合计持有公司百分之一以上股份的股东，可以书面请求监事会向人民法院提起诉讼；监事有前条规定的情形的，前述股东可以书面请求董事会向人民法院提起诉讼。,concepts/laws/company-law/company-law-article-189,raw/laws/中华人民共和国公司法.md
中华人民共和国公司法,190,一百九十,1,第八章　公司董事、监事、高级管理人员的资格和义务,,董事、高级管理人员违反法律、行政法规或者公司章程的规定，损害股东利益的，股东可以向人民法院提起诉讼。,concepts/laws/company-law/company-law-article-190,raw/laws/中华人民共和国公司法.md
中华人民共和国公司法,191,一百九十一,1,第八章　公司董事、监事、高级管理人员的资格和义务,,董事、高级管理人员执行职务，给他人造成损害的，公司应当承担赔偿责任；董事、高级管理人员存在故意或者重大过失的，也应当承担赔偿责任。,concepts/laws/company-law/company-law-article-191,raw/laws/中华人民共和国公司法.md
中华人民共和国公司法,192,一百九十二,1,第八章　公司董事、监事、高级管理人员的资格和义务,,公司的控股股东、实际控制人指示董事、高级管理人员从事损害公司或者股东利益的行为的，与该董事、高级管理人员承担连带责任。,concepts/laws/company-law/company-law-article-192,raw/laws/中华人民共和国公司法.md
中华人民共和国公司法,193,一百九十三,1,第八章　公司董事、监事、高级管理人员的资格和义务,,公司可以在董事任职期间为董事因执行公司职务承担的赔偿责任投保责任保险。,concepts/laws/company-law/company-law-article-193,raw/laws/中华人民共和国公司法.md
中华人民共和国公司法,194,一百九十四,1,第九章　公司债券,,本法所称公司债券，是指公司发行的约定按期还本付息的有价证券。,concepts/laws/company-law/company-law-article-194,raw/laws/中华人民共和国公司法.md
中华人民共和国公司法,195,一百九十五,1,第九章　公司债券,,公开发行公司债券，应当经国务院证券监督管理机构注册，公告公司债券募集办法。,concepts/laws/company-law/company-law-article-195,raw/laws/中华人民共和国公司法.md
中华人民共和国公司法,196,一百九十六,1,第九章　公司债券,,公司以纸面形式发行公司债券的，应当在债券上载明公司名称、债券票面金额、利率、偿还期限等事项，并由法定代表人签名，公司盖章。,concepts/laws/company-law/company-law-article-196,raw/laws/中华人民共和国公司法.md
中华人民共和国公司法,197,一百九十七,1,第九章　公司债券,,公司债券应当为记名债券。,concepts/laws/company-law/company-law-article-197,raw/laws/中华人民共和国公司法.md
中华人民共和国公司法,198,一百九十八,1,第九章　公司债券,,公司发行公司债券应当置备公司债券持有人名册。,concepts/laws/company-law/company-law-article-198,raw/laws/中华人民共和国公司法.md
中华人民共和国公司法,199,一百九十九,1,第九章　公司债券,,公司债券的登记结算机构应当建立债券登记、存管、付息、兑付等相关制度。,concepts/laws/company-law/company-law-article-199,raw/laws/中华人民共和国公司法.md
中华人民共和国公司法,200,二百,1,第九章　公司债券,,公司债券可以转让，转让价格由转让人与受让人约定。,concepts/laws/company-law/company-law-article-200,raw/laws/中华人民共和国公司法.md
中华人民共和国公司法,201,二百零一,1,第九章　公司债券,,公司债券由债券持有人以背书方式或者法律、行政法规规定的其他方式转让；转让后由公司将受让人的姓名或者名称及住所记载于公司债券持有人名册。,concepts/laws/company-law/company-law-article-201,raw/laws/中华人民共和国公司法.md
中华人民共和国公司法,202,二百零二,1,第九章　公司债券,,股份有限公司经股东会决议，或者经公司章程、股东会授权由董事会决议，可以发行可转换为股票的公司债券，并规定具体的转换办法。,concepts/laws/company-law/company-law-article-202,raw/laws/中华人民共和国公司法.md
中华人民共和国公司法,203,二百零三,1,第九章　公司债券,,发行可转换为股票的公司债券的，公司应当按照其转换办法向债券持有人换发股票，但债券持有人对转换股票或者不转换股票有选择权。,concepts/laws/company-law/company-law-article-203,raw/laws/中华人民共和国公司法.md
中华人民共和国公司法,204,二百零四,1,第九章　公司债券,,公开发行公司债券的，应当为同期债券持有人设立债券持有人会议，并在债券募集办法中对债券持有人会议的召集程序、会议规则和其他重要事项作出规定。,concepts/laws/company-law/company-law-article-204,raw/laws/中华人民共和国公司法.md
中华人民共和国公司法,205,二百零五,1,第九章　公司债券,,公开发行公司债券的，发行人应当为债券持有人聘请债券受托管理人，由其为债券持有人办理受领清偿、债权保全、与债券相关的诉讼以及参与债务人破产程序等事项。,concepts/laws/company-law/company-law-article-205,raw/laws/中华人民共和国公司法.md
中华人民共和国公司法,206,二百零六,1,第九章　公司债券,,债券受托管理人应当勤勉尽责，公正履行受托管理职责，不得损害债券持有人利益。,concepts/laws/company-law/company-law-article-206,raw/laws/中华人民共和国公司法.md
中华人民共和国公司法,207,二百零七,1,第十章　公司财务、会计,,公司应当依照法律、行政法规和国务院财政部门的规定建立本公司的财务、会计制度。,concepts/laws/company-law/company-law-article-207,raw/laws/中华人民共和国公司法.md
中华人民共和国公司法,208,二百零八,1,第十章　公司财务、会计,,公司应当在每一会计年度终了时编制财务会计报告，并依法经会计师事务所审计。,concepts/laws/company-law/company-law-article-208,raw/laws/中华人民共和国公司法.md
中华人民共和国公司法,209,二百零九,1,第十章　公司财务、会计,,有限责任公司应当按照公司章程规定的期限将财务会计报告送交各股东。,concepts/laws/company-law/company-law-article-209,raw/laws/中华人民共和国公司法.md
中华人民共和国公司法,210,二百一十,1,第十章　公司财务、会计,,公司分配当年税后利润时，应当提取利润的百分之十列入公司法定公积金。,concepts/laws/company-law/company-law-article-210,raw/laws/中华人民共和国公司法.md
中华人民共和国公司法,211,二百一十一,1,第十章　公司财务、会计,,公司违反本法规定向股东分配利润的，股东应当将违反规定分配的利润退还公司；给公司造成损失的，股东及负有责任的董事、监事、高级管理人员应当承担赔偿责任。,concepts/laws/company-law/company-law-article-211,raw/laws/中华人民共和国公司法.md
中华人民共和国公司法,212,二百一十二,1,第十章　公司财务、会计,,股东会作出分配利润的决议的，董事会应当在股东会决议作出之日起六个月内进行分配。,concepts/laws/company-law/company-law-article-212,raw/laws/中华人民共和国公司法.md
中华人民共和国公司法,213,二百一十三,1,第十章　公司财务、会计,,公司以超过股票票面金额的发行价格发行股份所得的溢价款、发行无面额股所得股款未计入注册资本的金额以及国务院财政部门规定列入资本公积金的其他项目，应当列为公司资本公积金。,concepts/laws/company-law/company-law-article-213,raw/laws/中华人民共和国公司法.md
中华人民共和国公司法,214,二百一十四,1,第十章　公司财务、会计,,公司的公积金用于弥补公司的亏损、扩大公司生产经营或者转为增加公司注册资本。,concepts/laws/company-law/company-law-article-214,raw/laws/中华人民共和国公司法.md
中华人民共和国公司法,215,二百一十五,1,第十章　公司财务、会计,,公司聘用、解聘承办公司审计业务的会计师事务所，按照公司章程的规定，由股东会、董事会或者监事会决定。,concepts/laws/company-law/company-law-article-215,raw/laws/中华人民共和国公司法.md
中华人民共和国公司法,216,二百一十六,1,第十章　公司财务、会计,,公司应当向聘用的会计师事务所提供真实、完整的会计凭证、会计账簿、财务会计报告及其他会计资料，不得拒绝、隐匿、谎报。,concepts/laws/company-law/company-law-article-216,raw/laws/中华人民共和国公司法.md
中华人民共和国公司法,217,二百一十七,1,第十章　公司财务、会计,,公司除法定的会计账簿外，不得另立会计账簿。,concepts/laws/company-law/company-law-article-217,raw/laws/中华人民共和国公司法.md
中华人民共和国公司法,218,二百一十八,1,第十一章　公司合并、分立、增资、减资,,公司合并可以采取吸收合并或者新设合并。,concepts/laws/company-law/company-law-article-218,raw/laws/中华人民共和国公司法.md
中华人民共和国公司法,219,二百一十九,1,第十一章　公司合并、分立、增资、减资,,公司与其持股百分之九十以上的公司合并，被合并的公司不需经股东会决议，但应当通知其他股东，其他股东有权请求公司按照合理的价格收购其股权或者股份。,concepts/laws/company-law/company-law-article-219,raw/laws/中华人民共和国公司法.md
中华人民共和国公司法,220,二百二十,1,第十一章　公司合并、分立、增资、减资,,公司合并，应当由合并各方签订合并协议，并编制资产负债表及财产清单。,concepts/laws/company-law/company-law-article-220,raw/laws/中华人民共和国公司法.md
中华人民共和国公司法,221,二百二十一,1,第十一章　公司合并、分立、增资、减资,,公司合并时，合并各方的债权、债务，应当由合并后存续的公司或者新设的公司承继。,concepts/laws/company-law/company-law-article-221,raw/laws/中华人民共和国公司法.md
中华人民共和国公司法,222,二百二十二,1,第十一章　公司合并、分立、增资、减资,,公司分立，其财产作相应的分割。,concepts/laws/company-law/company-law-article-222,raw/laws/中华人民共和国公司法.md
中华人民共和国公司法,223,二百二十三,1,第十一章　公司合并、分立、增资、减资,,公司分立前的债务由分立后的公司承担连带责任。,concepts/laws/company-law/company-law-article-223,raw/laws/中华人民共和国公司法.md
中华人民共和国公司法,224,二百二十四,1,第十一章　公司合并、分立、增资、减资,,公司减少注册资本，应当编制资产负债表及财产清单。,concepts/laws/company-law/company-law-article-224,raw/laws/中华人民共和国公司法.md
中华人民共和国公司法,225,二百二十五,1,第十一章　公司合并、分立、增资、减资,,公司依照本法第二百一十四条第二款的规定弥补亏损后，仍有亏损的，可以减少注册资本弥补亏损。,concepts/laws/company-law/company-law-article-225,raw/laws/中华人民共和国公司法.md
中华人民共和国公司法,226,二百二十六,1,第十一章　公司合并、分立、增资、减资,,违反本法规定减少注册资本的，股东应当退还其收到的资金，减免股东出资的应当恢复原状；给公司造成损失的，股东及负有责任的董事、监事、高级管理人员应当承担赔偿责任。,concepts/laws/company-law/company-law-article-226,raw/laws/中华人民共和国公司法.md
中华人民共和国公司法,227,二百二十七,1,第十一章　公司合并、分立、增资、减资,,有限责任公司增加注册资本时，股东在同等条件下有权优先按照实缴的出资比例认缴出资。,concepts/laws/company-law/company-law-article-227,raw/laws/中华人民共和国公司法.md
中华人民共和国公司法,228,二百二十八,1,第十一章　公司合并、分立、增资、减资,,有限责任公司增加注册资本时，股东认缴新增资本的出资，依照本法设立有限责任公司缴纳出资的有关规定执行。,concepts/laws/company-law/company-law-article-228,raw/laws/中华人民共和国公司法.md
中华人民共和国公司法,229,二百二十九,1,第十二章　公司解散和清算,,公司因下列原因解散：（一）公司章程规定的营业期限届满或者公司章程规定的其他解散事由出现；,concepts/laws/company-law/company-law-article-229,raw/laws/中华人民共和国公司法.md
中华人民共和国公司法,230,二百三十,1,第十二章　公司解散和清算,,公司有前条第一款第一项、第二项情形，且尚未向股东分配财产的，可以通过修改公司章程或者经股东会决议而存续。,concepts/laws/company-law/company-law-article-230,raw/laws/中华人民共和国公司法.md
中华人民共和国公司法,231,二百三十一,1,第十二章　公司解散和清算,,公司经营管理发生严重困难，继续存续会使股东利益受到重大损失，通过其他途径不能解决的，持有公司百分之十以上表决权的股东，可以请求人民法院解散公司。,concepts/laws/company-law/company-law-article-231,raw/laws/中华人民共和国公司法.md
中华人民共和国公司法,232,二百三十二,1,第十二章　公司解散和清算,,公司因本法第二百二十九条第一款第一项、第二项、第四项、第五项规定而解散的，应当清算。,concepts/laws/company-law/company-law-article-232,raw/laws/中华人民共和国公司法.md
中华人民共和国公司法,233,二百三十三,1,第十二章　公司解散和清算,,公司依照前条第一款的规定应当清算，逾期不成立清算组进行清算或者成立清算组后不清算的，利害关系人可以申请人民法院指定有关人员组成清算组进行清算。,concepts/laws/company-law/company-law-article-233,raw/laws/中华人民共和国公司法.md
中华人民共和国公司法,234,二百三十四,1,第十二章　公司解散和清算,,清算组在清算期间行使下列职权：（一）清理公司财产，分别编制资产负债表和财产清单；,concepts/laws/company-law/company-law-article-234,raw/laws/中华人民共和国公司法.md
中华人民共和国公司法,235,二百三十五,1,第十二章　公司解散和清算,,清算组应当自成立之日起十日内通知债权人，并于六十日内在报纸上或者国家企业信用信息公示系统公告。,concepts/laws/company-law/company-law-article-235,raw/laws/中华人民共和国公司法.md
中华人民共和国公司法,236,二百三十六,1,第十二章　公司解散和清算,,清算组在清理公司财产、编制资产负债表和财产清单后，应当制订清算方案，并报股东会或者人民法院确认。,concepts/laws/company-law/company-law-article-236,raw/laws/中华人民共和国公司法.md
中华人民共和国公司法,237,二百三十七,1,第十二章　公司解散和清算,,清算组在清理公司财产、编制资产负债表和财产清单后，发现公司财产不足清偿债务的，应当依法向人民法院申请破产清算。,concepts/laws/company-law/company-law-article-237,raw/laws/中华人民共和国公司法.md
中华人民共和国公司法,238,二百三十八,1,第十二章　公司解散和清算,,清算组成员履行清算职责，负有忠实义务和勤勉义务。,concepts/laws/company-law/company-law-article-238,raw/laws/中华人民共和国公司法.md
中华人民共和国公司法,239,二百三十九,1,第十二章　公司解散和清算,,公司清算结束后，清算组应当制作清算报告，报股东会或者人民法院确认，并报送公司登记机关，申请注销公司登记。,concepts/laws/company-law/company-law-article-239,raw/laws/中华人民共和国公司法.md
中华人民共和国公司法,240,二百四十,1,第十二章　公司解散和清算,,公司在存续期间未产生债务，或者已清偿全部债务的，经全体股东承诺，可以按照规定通过简易程序注销公司登记。,concepts/laws/company-law/company-law-article-240,raw/laws/中华人民共和国公司法.md
中华人民共和国公司法,241,二百四十一,1,第十二章　公司解散和清算,,公司被吊销营业执照、责令关闭或者被撤销，满三年未向公司登记机关申请注销公司登记的，公司登记机关可以通过国家企业信用信息公示系统予以公告，公告期限不少于六十日。,concepts/laws/company-law/company-law-article-241,raw/laws/中华人民共和国公司法.md
中华人民共和国公司法,242,二百四十二,1,第十二章　公司解散和清算,,公司被依法宣告破产的，依照有关企业破产的法律实施破产清算。,concepts/laws/company-law/company-law-article-242,raw/laws/中华人民共和国公司法.md
中华人民共和国公司法,243,二百四十三,1,第十三章　外国公司的分支机构,,本法所称外国公司，是指依照外国法律在中华人民共和国境外设立的公司。,concepts/laws/company-law/company-law-article-243,raw/laws/中华人民共和国公司法.md
中华人民共和国公司法,244,二百四十四,1,第十三章　外国公司的分支机构,,外国公司在中华人民共和国境内设立分支机构，应当向中国主管机关提出申请，并提交其公司章程、所属国的公司登记证书等有关文件，经批准后，向公司登记机关依法办理登记，领取营业执照。,concepts/laws/company-law/company-law-article-244,raw/laws/中华人民共和国公司法.md
中华人民共和国公司法,245,二百四十五,1,第十三章　外国公司的分支机构,,外国公司在中华人民共和国境内设立分支机构，应当在中华人民共和国境内指定负责该分支机构的代表人或者代理人，并向该分支机构拨付与其所从事的经营活动相适应的资金。,concepts/laws/company-law/company-law-article-245,raw/laws/中华人民共和国公司法.md
中华人民共和国公司法,246,二百四十六,1,第十三章　外国公司的分支机构,,外国公司的分支机构应当在其名称中标明该外国公司的国籍及责任形式。,concepts/laws/company-law/company-law-article-246,raw/laws/中华人民共和国公司法.md
中华人民共和国公司法,247,二百四十七,1,第十三章　外国公司的分支机构,,外国公司在中华人民共和国境内设立的分支机构不具有中国法人资格。,concepts/laws/company-law/company-law-article-247,raw/laws/中华人民共和国公司法.md
中华人民共和国公司法,248,二百四十八,1,第十三章　外国公司的分支机构,,经批准设立的外国公司分支机构，在中华人民共和国境内从事业务活动，应当遵守中国的法律，不得损害中国的社会公共利益，其合法权益受中国法律保护。,concepts/laws/company-law/company-law-article-248,raw/laws/中华人民共和国公司法.md
中华人民共和国公司法,249,二百四十九,1,第十三章　外国公司的分支机构,,外国公司撤销其在中华人民共和国境内的分支机构时，应当依法清偿债务，依照本法有关公司清算程序的规定进行清算。,concepts/laws/company-law/company-law-article-249,raw/laws/中华人民共和国公司法.md
中华人民共和国公司法,250,二百五十,1,第十四章　法律责任,,违反本法规定，虚报注册资本、提交虚假材料或者采取其他欺诈手段隐瞒重要事实取得公司登记的，由公司登记机关责令改正，对虚报注册资本的公司，处以虚报注册资本金额百分之五以上百分之十五以下的罚款；,concepts/laws/company-law/company-law-article-250,raw/laws/中华人民共和国公司法.md
中华人民共和国公司法,251,二百五十一,1,第十四章　法律责任,,公司未依照本法第四十条规定公示有关信息或者不如实公示有关信息的，由公司登记机关责令改正，可以处以一万元以上五万元以下的罚款。,concepts/laws/company-law/company-law-article-251,raw/laws/中华人民共和国公司法.md
中华人民共和国公司法,252,二百五十二,1,第十四章　法律责任,,公司的发起人、股东虚假出资，未交付或者未按期交付作为出资的货币或者非货币财产的，由公司登记机关责令改正，可以处以五万元以上二十万元以下的罚款；,concepts/laws/company-law/company-law-article-252,raw/laws/中华人民共和国公司法.md
中华人民共和国公司法,253,二百五十三,1,第十四章　法律责任,,公司的发起人、股东在公司成立后，抽逃其出资的，由公司登记机关责令改正，处以所抽逃出资金额百分之五以上百分之十五以下的罚款；对直接负责的主管人员和其他直接责任人员处以三万元以上三十万元以下的罚款。,concepts/laws/company-law/company-law-article-253,raw/laws/中华人民共和国公司法.md
中华人民共和国公司法,254,二百五十四,1,第十四章　法律责任,,有下列行为之一的，由县级以上人民政府财政部门依照《中华人民共和国会计法》等法律、行政法规的规定处罚：（一）在法定的会计账簿以外另立会计账簿；（二）提供存在虚假记载或者隐瞒重要事实的财务会计报告。,concepts/laws/company-law/company-law-article-254,raw/laws/中华人民共和国公司法.md
中华人民共和国公司法,255,二百五十五,1,第十四章　法律责任,,公司在合并、分立、减少注册资本或者进行清算时，不依照本法规定通知或者公告债权人的，由公司登记机关责令改正，对公司处以一万元以上十万元以下的罚款。,concepts/laws/company-law/company-law-article-255,raw/laws/中华人民共和国公司法.md
中华人民共和国公司法,256,二百五十六,1,第十四章　法律责任,,公司在进行清算时，隐匿财产，对资产负债表或者财产清单作虚假记载，或者在未清偿债务前分配公司财产的，由公司登记机关责令改正，对公司处以隐匿财产或者未清偿债务前分配公司财产金额百分之五以上百分之十以下的罚款；,concepts/laws/company-law/company-law-article-256,raw/laws/中华人民共和国公司法.md
中华人民共和国公司法,257,二百五十七,1,第十四章　法律责任,,承担资产评估、验资或者验证的机构提供虚假材料或者提供有重大遗漏的报告的，由有关部门依照《中华人民共和国资产评估法》、《中华人民共和国注册会计师法》等法律、行政法规的规定处罚。,concepts/laws/company-law/company-law-article-257,raw/laws/中华人民共和国公司法.md
中华人民共和国公司法,258,二百五十八,1,第十四章　法律责任,,公司登记机关违反法律、行政法规规定未履行职责或者履行职责不当的，对负有责任的领导人员和直接责任人员依法给予政务处分。,concepts/laws/company-law/company-law-article-258,raw/laws/中华人民共和国公司法.md
中华人民共和国公司法,259,二百五十九,1,第十四章　法律责任,,未依法登记为有限责任公司或者股份有限公司，而冒用有限责任公司或者股份有限公司名义的，或者未依法登记为有限责任公司或者股份有限公司的分公司，而冒用有限责任公司或者股份有限公司的分公司名义的，由公司登记机关责令改正或者予以取缔，可以并处十万元以...,concepts/laws/company-law/company-law-article-259,raw/laws/中华人民共和国公司法.md
中华人民共和国公司法,260,二百六十,1,第十四章　法律责任,,公司成立后无正当理由超过六个月未开业的，或者开业后自行停业连续六个月以上的，公司登记机关可以吊销营业执照，但公司依法办理歇业的除外。,concepts/laws/company-law/company-law-article-260,raw/laws/中华人民共和国公司法.md
中华人民共和国公司法,261,二百六十一,1,第十四章　法律责任,,外国公司违反本法规定，擅自在中华人民共和国境内设立分支机构的，由公司登记机关责令改正或者关闭，可以并处五万元以上二十万元以下的罚款。,concepts/laws/company-law/company-law-article-261,raw/laws/中华人民共和国公司法.md
中华人民共和国公司法,262,二百六十二,1,第十四章　法律责任,,利用公司名义从事危害国家安全、社会公共利益的严重违法行为的，吊销营业执照。,concepts/laws/company-law/company-law-article-262,raw/laws/中华人民共和国公司法.md
中华人民共和国公司法,263,二百六十三,1,第十四章　法律责任,,公司违反本法规定，应当承担民事赔偿责任和缴纳罚款、罚金的，其财产不足以支付时，先承担民事赔偿责任。,concepts/laws/company-law/company-law-article-263,raw/laws/中华人民共和国公司法.md
中华人民共和国公司法,264,二百六十四,1,第十四章　法律责任,,违反本法规定，构成犯罪的，依法追究刑事责任。,concepts/laws/company-law/company-law-article-264,raw/laws/中华人民共和国公司法.md
中华人民共和国公司法,265,二百六十五,1,第十五章　附　　则,,本法下列用语的含义：（一）高级管理人员，是指公司的经理、副经理、财务负责人，上市公司董事会秘书和公司章程规定的其他人员。,concepts/laws/company-law/company-law-article-265,raw/laws/中华人民共和国公司法.md
中华人民共和国公司法,266,二百六十六,1,第十五章　附　　则,,本法自2024年7月1日起施行。,concepts/laws/company-law/company-law-article-266,raw/laws/中华人民共和国公司法.md
中华人民共和国证券法,1,一,1,第一章　总　　则,,为了规范证券发行和交易行为，保护投资者的合法权益，维护社会经济秩序和社会公共利益，促进社会主义市场经济的发展，制定本法。,concepts/laws/securities-law/securities-law-article-001,raw/laws/中华人民共和国证券法.md
中华人民共和国证券法,2,二,1,第一章　总　　则,,在中华人民共和国境内，股票、公司债券、存托凭证和国务院依法认定的其他证券的发行和交易，适用本法；本法未规定的，适用《中华人民共和国公司法》和其他法律、行政法规的规定。,concepts/laws/securities-law/securities-law-article-002,raw/laws/中华人民共和国证券法.md
中华人民共和国证券法,3,三,1,第一章　总　　则,,证券的发行、交易活动，必须遵循公开、公平、公正的原则。,concepts/laws/securities-law/securities-law-article-003,raw/laws/中华人民共和国证券法.md
中华人民共和国证券法,4,四,1,第一章　总　　则,,证券发行、交易活动的当事人具有平等的法律地位，应当遵守自愿、有偿、诚实信用的原则。,concepts/laws/securities-law/securities-law-article-004,raw/laws/中华人民共和国证券法.md
中华人民共和国证券法,5,五,1,第一章　总　　则,,证券的发行、交易活动，必须遵守法律、行政法规；禁止欺诈、内幕交易和操纵证券市场的行为。,concepts/laws/securities-law/securities-law-article-005,raw/laws/中华人民共和国证券法.md
中华人民共和国证券法,6,六,1,第一章　总　　则,,证券业和银行业、信托业、保险业实行分业经营、分业管理，证券公司与银行、信托、保险业务机构分别设立。,concepts/laws/securities-law/securities-law-article-006,raw/laws/中华人民共和国证券法.md
中华人民共和国证券法,7,七,1,第一章　总　　则,,国务院证券监督管理机构依法对全国证券市场实行集中统一监督管理。,concepts/laws/securities-law/securities-law-article-007,raw/laws/中华人民共和国证券法.md
中华人民共和国证券法,8,八,1,第一章　总　　则,,国家审计机关依法对证券交易场所、证券公司、证券登记结算机构、证券监督管理机构进行审计监督。,concepts/laws/securities-law/securities-law-article-008,raw/laws/中华人民共和国证券法.md
中华人民共和国证券法,9,九,1,第二章　证券发行,,公开发行证券，必须符合法律、行政法规规定的条件，并依法报经国务院证券监督管理机构或者国务院授权的部门注册。,concepts/laws/securities-law/securities-law-article-009,raw/laws/中华人民共和国证券法.md
中华人民共和国证券法,10,十,1,第二章　证券发行,,发行人申请公开发行股票、可转换为股票的公司债券，依法采取承销方式的，或者公开发行法律、行政法规规定实行保荐制度的其他证券的，应当聘请证券公司担任保荐人。,concepts/laws/securities-law/securities-law-article-010,raw/laws/中华人民共和国证券法.md
中华人民共和国证券法,11,十一,1,第二章　证券发行,,设立股份有限公司公开发行股票，应当符合《中华人民共和国公司法》规定的条件和经国务院批准的国务院证券监督管理机构规定的其他条件，向国务院证券监督管理机构报送募股申请和下列文件：（一）公司章程；,concepts/laws/securities-law/securities-law-article-011,raw/laws/中华人民共和国证券法.md
中华人民共和国证券法,12,十二,1,第二章　证券发行,,公司首次公开发行新股，应当符合下列条件：（一）具备健全且运行良好的组织机构；,concepts/laws/securities-law/securities-law-article-012,raw/laws/中华人民共和国证券法.md
中华人民共和国证券法,13,十三,1,第二章　证券发行,,公司公开发行新股，应当报送募股申请和下列文件：（一）公司营业执照；（二）公司章程；（三）股东大会决议；（四）招股说明书或者其他公开发行募集文件；（五）财务会计报告；（六）代收股款银行的名称及地址。,concepts/laws/securities-law/securities-law-article-013,raw/laws/中华人民共和国证券法.md
中华人民共和国证券法,14,十四,1,第二章　证券发行,,公司对公开发行股票所募集资金，必须按照招股说明书或者其他公开发行募集文件所列资金用途使用；改变资金用途，必须经股东大会作出决议。,concepts/laws/securities-law/securities-law-article-014,raw/laws/中华人民共和国证券法.md
中华人民共和国证券法,15,十五,1,第二章　证券发行,,公开发行公司债券，应当符合下列条件：（一）具备健全且运行良好的组织机构；（二）最近三年平均可分配利润足以支付公司债券一年的利息；（三）国务院规定的其他条件。,concepts/laws/securities-law/securities-law-article-015,raw/laws/中华人民共和国证券法.md
中华人民共和国证券法,16,十六,1,第二章　证券发行,,申请公开发行公司债券，应当向国务院授权的部门或者国务院证券监督管理机构报送下列文件：（一）公司营业执照；（二）公司章程；（三）公司债券募集办法；（四）国务院授权的部门或者国务院证券监督管理机构规定的其他文件。,concepts/laws/securities-law/securities-law-article-016,raw/laws/中华人民共和国证券法.md
中华人民共和国证券法,17,十七,1,第二章　证券发行,,有下列情形之一的，不得再次公开发行公司债券：（一）对已公开发行的公司债券或者其他债务有违约或者延迟支付本息的事实，仍处于继续状态；（二）违反本法规定，改变公开发行公司债券所募资金的用途。,concepts/laws/securities-law/securities-law-article-017,raw/laws/中华人民共和国证券法.md
中华人民共和国证券法,18,十八,1,第二章　证券发行,,发行人依法申请公开发行证券所报送的申请文件的格式、报送方式，由依法负责注册的机构或者部门规定。,concepts/laws/securities-law/securities-law-article-018,raw/laws/中华人民共和国证券法.md
中华人民共和国证券法,19,十九,1,第二章　证券发行,,发行人报送的证券发行申请文件，应当充分披露投资者作出价值判断和投资决策所必需的信息，内容应当真实、准确、完整。,concepts/laws/securities-law/securities-law-article-019,raw/laws/中华人民共和国证券法.md
中华人民共和国证券法,20,二十,1,第二章　证券发行,,发行人申请首次公开发行股票的，在提交申请文件后，应当按照国务院证券监督管理机构的规定预先披露有关申请文件。,concepts/laws/securities-law/securities-law-article-020,raw/laws/中华人民共和国证券法.md
中华人民共和国证券法,21,二十一,1,第二章　证券发行,,国务院证券监督管理机构或者国务院授权的部门依照法定条件负责证券发行申请的注册。,concepts/laws/securities-law/securities-law-article-021,raw/laws/中华人民共和国证券法.md
中华人民共和国证券法,22,二十二,1,第二章　证券发行,,国务院证券监督管理机构或者国务院授权的部门应当自受理证券发行申请文件之日起三个月内，依照法定条件和法定程序作出予以注册或者不予注册的决定，发行人根据要求补充、修改发行申请文件的时间不计算在内。,concepts/laws/securities-law/securities-law-article-022,raw/laws/中华人民共和国证券法.md
中华人民共和国证券法,23,二十三,1,第二章　证券发行,,证券发行申请经注册后，发行人应当依照法律、行政法规的规定，在证券公开发行前公告公开发行募集文件，并将该文件置备于指定场所供公众查阅。,concepts/laws/securities-law/securities-law-article-023,raw/laws/中华人民共和国证券法.md
中华人民共和国证券法,24,二十四,1,第二章　证券发行,,国务院证券监督管理机构或者国务院授权的部门对已作出的证券发行注册的决定，发现不符合法定条件或者法定程序，尚未发行证券的，应当予以撤销，停止发行。,concepts/laws/securities-law/securities-law-article-024,raw/laws/中华人民共和国证券法.md
中华人民共和国证券法,25,二十五,1,第二章　证券发行,,股票依法发行后，发行人经营与收益的变化，由发行人自行负责；由此变化引致的投资风险，由投资者自行负责。,concepts/laws/securities-law/securities-law-article-025,raw/laws/中华人民共和国证券法.md
中华人民共和国证券法,26,二十六,1,第二章　证券发行,,发行人向不特定对象发行的证券，法律、行政法规规定应当由证券公司承销的，发行人应当同证券公司签订承销协议。,concepts/laws/securities-law/securities-law-article-026,raw/laws/中华人民共和国证券法.md
中华人民共和国证券法,27,二十七,1,第二章　证券发行,,公开发行证券的发行人有权依法自主选择承销的证券公司。,concepts/laws/securities-law/securities-law-article-027,raw/laws/中华人民共和国证券法.md
中华人民共和国证券法,28,二十八,1,第二章　证券发行,,证券公司承销证券，应当同发行人签订代销或者包销协议，载明下列事项：（一）当事人的名称、住所及法定代表人姓名；,concepts/laws/securities-law/securities-law-article-028,raw/laws/中华人民共和国证券法.md
中华人民共和国证券法,29,二十九,1,第二章　证券发行,,证券公司承销证券，应当对公开发行募集文件的真实性、准确性、完整性进行核查。,concepts/laws/securities-law/securities-law-article-029,raw/laws/中华人民共和国证券法.md
中华人民共和国证券法,30,三十,1,第二章　证券发行,,向不特定对象发行证券聘请承销团承销的，承销团应当由主承销和参与承销的证券公司组成。,concepts/laws/securities-law/securities-law-article-030,raw/laws/中华人民共和国证券法.md
中华人民共和国证券法,31,三十一,1,第二章　证券发行,,证券的代销、包销期限最长不得超过九十日。,concepts/laws/securities-law/securities-law-article-031,raw/laws/中华人民共和国证券法.md
中华人民共和国证券法,32,三十二,1,第二章　证券发行,,股票发行采取溢价发行的，其发行价格由发行人与承销的证券公司协商确定。,concepts/laws/securities-law/securities-law-article-032,raw/laws/中华人民共和国证券法.md
中华人民共和国证券法,33,三十三,1,第二章　证券发行,,股票发行采用代销方式，代销期限届满，向投资者出售的股票数量未达到拟公开发行股票数量百分之七十的，为发行失败。,concepts/laws/securities-law/securities-law-article-033,raw/laws/中华人民共和国证券法.md
中华人民共和国证券法,34,三十四,1,第二章　证券发行,,公开发行股票，代销、包销期限届满，发行人应当在规定的期限内将股票发行情况报国务院证券监督管理机构备案。,concepts/laws/securities-law/securities-law-article-034,raw/laws/中华人民共和国证券法.md
中华人民共和国证券法,35,三十五,1,第三章　证券交易,第一节　一般规定,证券交易当事人依法买卖的证券，必须是依法发行并交付的证券。,concepts/laws/securities-law/securities-law-article-035,raw/laws/中华人民共和国证券法.md
中华人民共和国证券法,36,三十六,1,第三章　证券交易,第一节　一般规定,依法发行的证券，《中华人民共和国公司法》和其他法律对其转让期限有限制性规定的，在限定的期限内不得转让。,concepts/laws/securities-law/securities-law-article-036,raw/laws/中华人民共和国证券法.md
中华人民共和国证券法,37,三十七,1,第三章　证券交易,第一节　一般规定,公开发行的证券，应当在依法设立的证券交易所上市交易或者在国务院批准的其他全国性证券交易场所交易。,concepts/laws/securities-law/securities-law-article-037,raw/laws/中华人民共和国证券法.md
中华人民共和国证券法,38,三十八,1,第三章　证券交易,第一节　一般规定,证券在证券交易所上市交易，应当采用公开的集中交易方式或者国务院证券监督管理机构批准的其他方式。,concepts/laws/securities-law/securities-law-article-038,raw/laws/中华人民共和国证券法.md
中华人民共和国证券法,39,三十九,1,第三章　证券交易,第一节　一般规定,证券交易当事人买卖的证券可以采用纸面形式或者国务院证券监督管理机构规定的其他形式。,concepts/laws/securities-law/securities-law-article-039,raw/laws/中华人民共和国证券法.md
中华人民共和国证券法,40,四十,1,第三章　证券交易,第一节　一般规定,证券交易场所、证券公司和证券登记结算机构的从业人员，证券监督管理机构的工作人员以及法律、行政法规规定禁止参与股票交易的其他人员，在任期或者法定限期内，不得直接或者以化名、借他人名义持有、买卖股票或者其他具有股权性质的证券，也不得收受他人赠送...,concepts/laws/securities-law/securities-law-article-040,raw/laws/中华人民共和国证券法.md
中华人民共和国证券法,41,四十一,1,第三章　证券交易,第一节　一般规定,证券交易场所、证券公司、证券登记结算机构、证券服务机构及其工作人员应当依法为投资者的信息保密，不得非法买卖、提供或者公开投资者的信息。,concepts/laws/securities-law/securities-law-article-041,raw/laws/中华人民共和国证券法.md
中华人民共和国证券法,42,四十二,1,第三章　证券交易,第一节　一般规定,为证券发行出具审计报告或者法律意见书等文件的证券服务机构和人员，在该证券承销期内和期满后六个月内，不得买卖该证券。,concepts/laws/securities-law/securities-law-article-042,raw/laws/中华人民共和国证券法.md
中华人民共和国证券法,43,四十三,1,第三章　证券交易,第一节　一般规定,证券交易的收费必须合理，并公开收费项目、收费标准和管理办法。,concepts/laws/securities-law/securities-law-article-043,raw/laws/中华人民共和国证券法.md
中华人民共和国证券法,44,四十四,1,第三章　证券交易,第一节　一般规定,上市公司、股票在国务院批准的其他全国性证券交易场所交易的公司持有百分之五以上股份的股东、董事、监事、高级管理人员，将其持有的该公司的股票或者其他具有股权性质的证券在买入后六个月内卖出，或者在卖出后六个月内又买入，由此所得收益归该公司所有，公...,concepts/laws/securities-law/securities-law-article-044,raw/laws/中华人民共和国证券法.md
中华人民共和国证券法,45,四十五,1,第三章　证券交易,第一节　一般规定,通过计算机程序自动生成或者下达交易指令进行程序化交易的，应当符合国务院证券监督管理机构的规定，并向证券交易所报告，不得影响证券交易所系统安全或者正常交易秩序。,concepts/laws/securities-law/securities-law-article-045,raw/laws/中华人民共和国证券法.md
中华人民共和国证券法,46,四十六,1,第三章　证券交易,第二节　证券上市,申请证券上市交易，应当向证券交易所提出申请，由证券交易所依法审核同意，并由双方签订上市协议。,concepts/laws/securities-law/securities-law-article-046,raw/laws/中华人民共和国证券法.md
中华人民共和国证券法,47,四十七,1,第三章　证券交易,第二节　证券上市,申请证券上市交易，应当符合证券交易所上市规则规定的上市条件。,concepts/laws/securities-law/securities-law-article-047,raw/laws/中华人民共和国证券法.md
中华人民共和国证券法,48,四十八,1,第三章　证券交易,第二节　证券上市,上市交易的证券，有证券交易所规定的终止上市情形的，由证券交易所按照业务规则终止其上市交易。,concepts/laws/securities-law/securities-law-article-048,raw/laws/中华人民共和国证券法.md
中华人民共和国证券法,49,四十九,1,第三章　证券交易,第二节　证券上市,对证券交易所作出的不予上市交易、终止上市交易决定不服的，可以向证券交易所设立的复核机构申请复核。,concepts/laws/securities-law/securities-law-article-049,raw/laws/中华人民共和国证券法.md
中华人民共和国证券法,50,五十,1,第三章　证券交易,第三节　禁止的交易行为,禁止证券交易内幕信息的知情人和非法获取内幕信息的人利用内幕信息从事证券交易活动。,concepts/laws/securities-law/securities-law-article-050,raw/laws/中华人民共和国证券法.md
中华人民共和国证券法,51,五十一,1,第三章　证券交易,第三节　禁止的交易行为,证券交易内幕信息的知情人包括：（一）发行人及其董事、监事、高级管理人员；,concepts/laws/securities-law/securities-law-article-051,raw/laws/中华人民共和国证券法.md
中华人民共和国证券法,52,五十二,1,第三章　证券交易,第三节　禁止的交易行为,证券交易活动中，涉及发行人的经营、财务或者对该发行人证券的市场价格有重大影响的尚未公开的信息，为内幕信息。,concepts/laws/securities-law/securities-law-article-052,raw/laws/中华人民共和国证券法.md
中华人民共和国证券法,53,五十三,1,第三章　证券交易,第三节　禁止的交易行为,证券交易内幕信息的知情人和非法获取内幕信息的人，在内幕信息公开前，不得买卖该公司的证券，或者泄露该信息，或者建议他人买卖该证券。,concepts/laws/securities-law/securities-law-article-053,raw/laws/中华人民共和国证券法.md
中华人民共和国证券法,54,五十四,1,第三章　证券交易,第三节　禁止的交易行为,禁止证券交易场所、证券公司、证券登记结算机构、证券服务机构和其他金融机构的从业人员、有关监管部门或者行业协会的工作人员，利用因职务便利获取的内幕信息以外的其他未公开的信息，违反规定，从事与该信息相关的证券交易活动，或者明示、暗示他人从事相关...,concepts/laws/securities-law/securities-law-article-054,raw/laws/中华人民共和国证券法.md
中华人民共和国证券法,55,五十五,1,第三章　证券交易,第三节　禁止的交易行为,禁止任何人以下列手段操纵证券市场，影响或者意图影响证券交易价格或者证券交易量：（一）单独或者通过合谋，集中资金优势、持股优势或者利用信息优势联合或者连续买卖；,concepts/laws/securities-law/securities-law-article-055,raw/laws/中华人民共和国证券法.md
中华人民共和国证券法,56,五十六,1,第三章　证券交易,第三节　禁止的交易行为,禁止任何单位和个人编造、传播虚假信息或者误导性信息，扰乱证券市场。,concepts/laws/securities-law/securities-law-article-056,raw/laws/中华人民共和国证券法.md
中华人民共和国证券法,57,五十七,1,第三章　证券交易,第三节　禁止的交易行为,禁止证券公司及其从业人员从事下列损害客户利益的行为：（一）违背客户的委托为其买卖证券；,concepts/laws/securities-law/securities-law-article-057,raw/laws/中华人民共和国证券法.md
中华人民共和国证券法,58,五十八,1,第三章　证券交易,第三节　禁止的交易行为,任何单位和个人不得违反规定，出借自己的证券账户或者借用他人的证券账户从事证券交易。,concepts/laws/securities-law/securities-law-article-058,raw/laws/中华人民共和国证券法.md
中华人民共和国证券法,59,五十九,1,第三章　证券交易,第三节　禁止的交易行为,依法拓宽资金入市渠道，禁止资金违规流入股市。,concepts/laws/securities-law/securities-law-article-059,raw/laws/中华人民共和国证券法.md
中华人民共和国证券法,60,六十,1,第三章　证券交易,第三节　禁止的交易行为,国有独资企业、国有独资公司、国有资本控股公司买卖上市交易的股票，必须遵守国家有关规定。,concepts/laws/securities-law/securities-law-article-060,raw/laws/中华人民共和国证券法.md
中华人民共和国证券法,61,六十一,1,第三章　证券交易,第三节　禁止的交易行为,证券交易场所、证券公司、证券登记结算机构、证券服务机构及其从业人员对证券交易中发现的禁止的交易行为，应当及时向证券监督管理机构报告。,concepts/laws/securities-law/securities-law-article-061,raw/laws/中华人民共和国证券法.md
中华人民共和国证券法,62,六十二,1,第四章　上市公司的收购,,投资者可以采取要约收购、协议收购及其他合法方式收购上市公司。,concepts/laws/securities-law/securities-law-article-062,raw/laws/中华人民共和国证券法.md
中华人民共和国证券法,63,六十三,1,第四章　上市公司的收购,,通过证券交易所的证券交易，投资者持有或者通过协议、其他安排与他人共同持有一个上市公司已发行的有表决权股份达到百分之五时，应当在该事实发生之日起三日内，向国务院证券监督管理机构、证券交易所作出书面报告，通知该上市公司，并予公告，在上述期限内不...,concepts/laws/securities-law/securities-law-article-063,raw/laws/中华人民共和国证券法.md
中华人民共和国证券法,64,六十四,1,第四章　上市公司的收购,,依照前条规定所作的公告，应当包括下列内容：（一）持股人的名称、住所；（二）持有的股票的名称、数额；（三）持股达到法定比例或者持股增减变化达到法定比例的日期、增持股份的资金来源；（四）在上市公司中拥有有表决权的股份变动的时间及方式。,concepts/laws/securities-law/securities-law-article-064,raw/laws/中华人民共和国证券法.md
中华人民共和国证券法,65,六十五,1,第四章　上市公司的收购,,通过证券交易所的证券交易，投资者持有或者通过协议、其他安排与他人共同持有一个上市公司已发行的有表决权股份达到百分之三十时，继续进行收购的，应当依法向该上市公司所有股东发出收购上市公司全部或者部分股份的要约。,concepts/laws/securities-law/securities-law-article-065,raw/laws/中华人民共和国证券法.md
中华人民共和国证券法,66,六十六,1,第四章　上市公司的收购,,依照前条规定发出收购要约，收购人必须公告上市公司收购报告书，并载明下列事项：（一）收购人的名称、住所；,concepts/laws/securities-law/securities-law-article-066,raw/laws/中华人民共和国证券法.md
中华人民共和国证券法,67,六十七,1,第四章　上市公司的收购,,收购要约约定的收购期限不得少于三十日，并不得超过六十日。,concepts/laws/securities-law/securities-law-article-067,raw/laws/中华人民共和国证券法.md
中华人民共和国证券法,68,六十八,1,第四章　上市公司的收购,,在收购要约确定的承诺期限内，收购人不得撤销其收购要约。,concepts/laws/securities-law/securities-law-article-068,raw/laws/中华人民共和国证券法.md
中华人民共和国证券法,69,六十九,1,第四章　上市公司的收购,,收购要约提出的各项收购条件，适用于被收购公司的所有股东。,concepts/laws/securities-law/securities-law-article-069,raw/laws/中华人民共和国证券法.md
中华人民共和国证券法,70,七十,1,第四章　上市公司的收购,,采取要约收购方式的，收购人在收购期限内，不得卖出被收购公司的股票，也不得采取要约规定以外的形式和超出要约的条件买入被收购公司的股票。,concepts/laws/securities-law/securities-law-article-070,raw/laws/中华人民共和国证券法.md
中华人民共和国证券法,71,七十一,1,第四章　上市公司的收购,,采取协议收购方式的，收购人可以依照法律、行政法规的规定同被收购公司的股东以协议方式进行股份转让。,concepts/laws/securities-law/securities-law-article-071,raw/laws/中华人民共和国证券法.md
中华人民共和国证券法,72,七十二,1,第四章　上市公司的收购,,采取协议收购方式的，协议双方可以临时委托证券登记结算机构保管协议转让的股票，并将资金存放于指定的银行。,concepts/laws/securities-law/securities-law-article-072,raw/laws/中华人民共和国证券法.md
中华人民共和国证券法,73,七十三,1,第四章　上市公司的收购,,采取协议收购方式的，收购人收购或者通过协议、其他安排与他人共同收购一个上市公司已发行的有表决权股份达到百分之三十时，继续进行收购的，应当依法向该上市公司所有股东发出收购上市公司全部或者部分股份的要约。,concepts/laws/securities-law/securities-law-article-073,raw/laws/中华人民共和国证券法.md
中华人民共和国证券法,74,七十四,1,第四章　上市公司的收购,,收购期限届满，被收购公司股权分布不符合证券交易所规定的上市交易要求的，该上市公司的股票应当由证券交易所依法终止上市交易；其余仍持有被收购公司股票的股东，有权向收购人以收购要约的同等条件出售其股票，收购人应当收购。,concepts/laws/securities-law/securities-law-article-074,raw/laws/中华人民共和国证券法.md
中华人民共和国证券法,75,七十五,1,第四章　上市公司的收购,,在上市公司收购中，收购人持有的被收购的上市公司的股票，在收购行为完成后的十八个月内不得转让。,concepts/laws/securities-law/securities-law-article-075,raw/laws/中华人民共和国证券法.md
中华人民共和国证券法,76,七十六,1,第四章　上市公司的收购,,收购行为完成后，收购人与被收购公司合并，并将该公司解散的，被解散公司的原有股票由收购人依法更换。,concepts/laws/securities-law/securities-law-article-076,raw/laws/中华人民共和国证券法.md
中华人民共和国证券法,77,七十七,1,第四章　上市公司的收购,,国务院证券监督管理机构依照本法制定上市公司收购的具体办法。,concepts/laws/securities-law/securities-law-article-077,raw/laws/中华人民共和国证券法.md
中华人民共和国证券法,78,七十八,1,第五章　信息披露,,发行人及法律、行政法规和国务院证券监督管理机构规定的其他信息披露义务人，应当及时依法履行信息披露义务。,concepts/laws/securities-law/securities-law-article-078,raw/laws/中华人民共和国证券法.md
中华人民共和国证券法,79,七十九,1,第五章　信息披露,,上市公司、公司债券上市交易的公司、股票在国务院批准的其他全国性证券交易场所交易的公司，应当按照国务院证券监督管理机构和证券交易场所规定的内容和格式编制定期报告，并按照以下规定报送和公告：（一）在每一会计年度结束之日起四个月内，报送并公告年度...,concepts/laws/securities-law/securities-law-article-079,raw/laws/中华人民共和国证券法.md
中华人民共和国证券法,80,八十,1,第五章　信息披露,,发生可能对上市公司、股票在国务院批准的其他全国性证券交易场所交易的公司的股票交易价格产生较大影响的重大事件，投资者尚未得知时，公司应当立即将有关该重大事件的情况向国务院证券监督管理机构和证券交易场所报送临时报告，并予公告，说明事件的起因、目...,concepts/laws/securities-law/securities-law-article-080,raw/laws/中华人民共和国证券法.md
中华人民共和国证券法,81,八十一,1,第五章　信息披露,,发生可能对上市交易公司债券的交易价格产生较大影响的重大事件，投资者尚未得知时，公司应当立即将有关该重大事件的情况向国务院证券监督管理机构和证券交易场所报送临时报告，并予公告，说明事件的起因、目前的状态和可能产生的法律后果。,concepts/laws/securities-law/securities-law-article-081,raw/laws/中华人民共和国证券法.md
中华人民共和国证券法,82,八十二,1,第五章　信息披露,,发行人的董事、高级管理人员应当对证券发行文件和定期报告签署书面确认意见。,concepts/laws/securities-law/securities-law-article-082,raw/laws/中华人民共和国证券法.md
中华人民共和国证券法,83,八十三,1,第五章　信息披露,,信息披露义务人披露的信息应当同时向所有投资者披露，不得提前向任何单位和个人泄露。,concepts/laws/securities-law/securities-law-article-083,raw/laws/中华人民共和国证券法.md
中华人民共和国证券法,84,八十四,1,第五章　信息披露,,除依法需要披露的信息之外，信息披露义务人可以自愿披露与投资者作出价值判断和投资决策有关的信息，但不得与依法披露的信息相冲突，不得误导投资者。,concepts/laws/securities-law/securities-law-article-084,raw/laws/中华人民共和国证券法.md
中华人民共和国证券法,85,八十五,1,第五章　信息披露,,信息披露义务人未按照规定披露信息，或者公告的证券发行文件、定期报告、临时报告及其他信息披露资料存在虚假记载、误导性陈述或者重大遗漏，致使投资者在证券交易中遭受损失的，信息披露义务人应当承担赔偿责任；,concepts/laws/securities-law/securities-law-article-085,raw/laws/中华人民共和国证券法.md
中华人民共和国证券法,86,八十六,1,第五章　信息披露,,依法披露的信息，应当在证券交易场所的网站和符合国务院证券监督管理机构规定条件的媒体发布，同时将其置备于公司住所、证券交易场所，供社会公众查阅。,concepts/laws/securities-law/securities-law-article-086,raw/laws/中华人民共和国证券法.md
中华人民共和国证券法,87,八十七,1,第五章　信息披露,,国务院证券监督管理机构对信息披露义务人的信息披露行为进行监督管理。,concepts/laws/securities-law/securities-law-article-087,raw/laws/中华人民共和国证券法.md
中华人民共和国证券法,88,八十八,1,第六章　投资者保护,,证券公司向投资者销售证券、提供服务时，应当按照规定充分了解投资者的基本情况、财产状况、金融资产状况、投资知识和经验、专业能力等相关信息；如实说明证券、服务的重要内容，充分揭示投资风险；销售、提供与投资者上述状况相匹配的证券、服务。,concepts/laws/securities-law/securities-law-article-088,raw/laws/中华人民共和国证券法.md
中华人民共和国证券法,89,八十九,1,第六章　投资者保护,,根据财产状况、金融资产状况、投资知识和经验、专业能力等因素，投资者可以分为普通投资者和专业投资者。,concepts/laws/securities-law/securities-law-article-089,raw/laws/中华人民共和国证券法.md
中华人民共和国证券法,90,九十,1,第六章　投资者保护,,上市公司董事会、独立董事、持有百分之一以上有表决权股份的股东或者依照法律、行政法规或者国务院证券监督管理机构的规定设立的投资者保护机构（以下简称投资者保护机构），可以作为征集人，自行或者委托证券公司、证券服务机构，公开请求上市公司股东委托其...,concepts/laws/securities-law/securities-law-article-090,raw/laws/中华人民共和国证券法.md
中华人民共和国证券法,91,九十一,1,第六章　投资者保护,,上市公司应当在章程中明确分配现金股利的具体安排和决策程序，依法保障股东的资产收益权。,concepts/laws/securities-law/securities-law-article-091,raw/laws/中华人民共和国证券法.md
中华人民共和国证券法,92,九十二,1,第六章　投资者保护,,公开发行公司债券的，应当设立债券持有人会议，并应当在募集说明书中说明债券持有人会议的召集程序、会议规则和其他重要事项。,concepts/laws/securities-law/securities-law-article-092,raw/laws/中华人民共和国证券法.md
中华人民共和国证券法,93,九十三,1,第六章　投资者保护,,发行人因欺诈发行、虚假陈述或者其他重大违法行为给投资者造成损失的，发行人的控股股东、实际控制人、相关的证券公司可以委托投资者保护机构，就赔偿事宜与受到损失的投资者达成协议，予以先行赔付。,concepts/laws/securities-law/securities-law-article-093,raw/laws/中华人民共和国证券法.md
中华人民共和国证券法,94,九十四,1,第六章　投资者保护,,投资者与发行人、证券公司等发生纠纷的，双方可以向投资者保护机构申请调解。,concepts/laws/securities-law/securities-law-article-094,raw/laws/中华人民共和国证券法.md
中华人民共和国证券法,95,九十五,1,第六章　投资者保护,,投资者提起虚假陈述等证券民事赔偿诉讼时，诉讼标的是同一种类，且当事人一方人数众多的，可以依法推选代表人进行诉讼。,concepts/laws/securities-law/securities-law-article-095,raw/laws/中华人民共和国证券法.md
中华人民共和国证券法,96,九十六,1,第七章　证券交易场所,,证券交易所、国务院批准的其他全国性证券交易场所为证券集中交易提供场所和设施，组织和监督证券交易，实行自律管理，依法登记，取得法人资格。,concepts/laws/securities-law/securities-law-article-096,raw/laws/中华人民共和国证券法.md
中华人民共和国证券法,97,九十七,1,第七章　证券交易场所,,证券交易所、国务院批准的其他全国性证券交易场所可以根据证券品种、行业特点、公司规模等因素设立不同的市场层次。,concepts/laws/securities-law/securities-law-article-097,raw/laws/中华人民共和国证券法.md
中华人民共和国证券法,98,九十八,1,第七章　证券交易场所,,按照国务院规定设立的区域性股权市场为非公开发行证券的发行、转让提供场所和设施，具体管理办法由国务院规定。,concepts/laws/securities-law/securities-law-article-098,raw/laws/中华人民共和国证券法.md
中华人民共和国证券法,99,九十九,1,第七章　证券交易场所,,证券交易所履行自律管理职能，应当遵守社会公共利益优先原则，维护市场的公平、有序、透明。,concepts/laws/securities-law/securities-law-article-099,raw/laws/中华人民共和国证券法.md
中华人民共和国证券法,100,一百,1,第七章　证券交易场所,,证券交易所必须在其名称中标明证券交易所字样。,concepts/laws/securities-law/securities-law-article-100,raw/laws/中华人民共和国证券法.md
中华人民共和国证券法,101,一百零一,1,第七章　证券交易场所,,证券交易所可以自行支配的各项费用收入，应当首先用于保证其证券交易场所和设施的正常运行并逐步改善。,concepts/laws/securities-law/securities-law-article-101,raw/laws/中华人民共和国证券法.md
中华人民共和国证券法,102,一百零二,1,第七章　证券交易场所,,实行会员制的证券交易所设理事会、监事会。,concepts/laws/securities-law/securities-law-article-102,raw/laws/中华人民共和国证券法.md
中华人民共和国证券法,103,一百零三,1,第七章　证券交易场所,,有《中华人民共和国公司法》第一百四十六条规定的情形或者下列情形之一的，不得担任证券交易所的负责人：（一）因违法行为或者违纪行为被解除职务的证券交易场所、证券登记结算机构的负责人或者证券公司的董事、监事、高级管理人员，自被解除职务之日起未逾五...,concepts/laws/securities-law/securities-law-article-103,raw/laws/中华人民共和国证券法.md
中华人民共和国证券法,104,一百零四,1,第七章　证券交易场所,,因违法行为或者违纪行为被开除的证券交易场所、证券公司、证券登记结算机构、证券服务机构的从业人员和被开除的国家机关工作人员，不得招聘为证券交易所的从业人员。,concepts/laws/securities-law/securities-law-article-104,raw/laws/中华人民共和国证券法.md
中华人民共和国证券法,105,一百零五,1,第七章　证券交易场所,,进入实行会员制的证券交易所参与集中交易的，必须是证券交易所的会员。,concepts/laws/securities-law/securities-law-article-105,raw/laws/中华人民共和国证券法.md
中华人民共和国证券法,106,一百零六,1,第七章　证券交易场所,,投资者应当与证券公司签订证券交易委托协议，并在证券公司实名开立账户，以书面、电话、自助终端、网络等方式，委托该证券公司代其买卖证券。,concepts/laws/securities-law/securities-law-article-106,raw/laws/中华人民共和国证券法.md
中华人民共和国证券法,107,一百零七,1,第七章　证券交易场所,,证券公司为投资者开立账户，应当按照规定对投资者提供的身份信息进行核对。,concepts/laws/securities-law/securities-law-article-107,raw/laws/中华人民共和国证券法.md
中华人民共和国证券法,108,一百零八,1,第七章　证券交易场所,,证券公司根据投资者的委托，按照证券交易规则提出交易申报，参与证券交易所场内的集中交易，并根据成交结果承担相应的清算交收责任。,concepts/laws/securities-law/securities-law-article-108,raw/laws/中华人民共和国证券法.md
中华人民共和国证券法,109,一百零九,1,第七章　证券交易场所,,证券交易所应当为组织公平的集中交易提供保障，实时公布证券交易即时行情，并按交易日制作证券市场行情表，予以公布。,concepts/laws/securities-law/securities-law-article-109,raw/laws/中华人民共和国证券法.md
中华人民共和国证券法,110,一百一十,1,第七章　证券交易场所,,上市公司可以向证券交易所申请其上市交易股票的停牌或者复牌，但不得滥用停牌或者复牌损害投资者的合法权益。,concepts/laws/securities-law/securities-law-article-110,raw/laws/中华人民共和国证券法.md
中华人民共和国证券法,111,一百一十一,1,第七章　证券交易场所,,因不可抗力、意外事件、重大技术故障、重大人为差错等突发性事件而影响证券交易正常进行时，为维护证券交易正常秩序和市场公平，证券交易所可以按照业务规则采取技术性停牌、临时停市等处置措施，并应当及时向国务院证券监督管理机构报告。,concepts/laws/securities-law/securities-law-article-111,raw/laws/中华人民共和国证券法.md
中华人民共和国证券法,112,一百一十二,1,第七章　证券交易场所,,证券交易所对证券交易实行实时监控，并按照国务院证券监督管理机构的要求，对异常的交易情况提出报告。,concepts/laws/securities-law/securities-law-article-112,raw/laws/中华人民共和国证券法.md
中华人民共和国证券法,113,一百一十三,1,第七章　证券交易场所,,证券交易所应当加强对证券交易的风险监测，出现重大异常波动的，证券交易所可以按照业务规则采取限制交易、强制停牌等处置措施，并向国务院证券监督管理机构报告；严重影响证券市场稳定的，证券交易所可以按照业务规则采取临时停市等处置措施并公告。,concepts/laws/securities-law/securities-law-article-113,raw/laws/中华人民共和国证券法.md
中华人民共和国证券法,114,一百一十四,1,第七章　证券交易场所,,证券交易所应当从其收取的交易费用和会员费、席位费中提取一定比例的金额设立风险基金。,concepts/laws/securities-law/securities-law-article-114,raw/laws/中华人民共和国证券法.md
中华人民共和国证券法,115,一百一十五,1,第七章　证券交易场所,,证券交易所依照法律、行政法规和国务院证券监督管理机构的规定，制定上市规则、交易规则、会员管理规则和其他有关业务规则，并报国务院证券监督管理机构批准。,concepts/laws/securities-law/securities-law-article-115,raw/laws/中华人民共和国证券法.md
中华人民共和国证券法,116,一百一十六,1,第七章　证券交易场所,,证券交易所的负责人和其他从业人员执行与证券交易有关的职务时，与其本人或者其亲属有利害关系的，应当回避。,concepts/laws/securities-law/securities-law-article-116,raw/laws/中华人民共和国证券法.md
中华人民共和国证券法,117,一百一十七,1,第七章　证券交易场所,,按照依法制定的交易规则进行的交易，不得改变其交易结果，但本法第一百一十一条第二款规定的除外。,concepts/laws/securities-law/securities-law-article-117,raw/laws/中华人民共和国证券法.md
中华人民共和国证券法,118,一百一十八,1,第八章　证券公司,,设立证券公司，应当具备下列条件，并经国务院证券监督管理机构批准：（一）有符合法律、行政法规规定的公司章程；,concepts/laws/securities-law/securities-law-article-118,raw/laws/中华人民共和国证券法.md
中华人民共和国证券法,119,一百一十九,1,第八章　证券公司,,国务院证券监督管理机构应当自受理证券公司设立申请之日起六个月内，依照法定条件和法定程序并根据审慎监管原则进行审查，作出批准或者不予批准的决定，并通知申请人；不予批准的，应当说明理由。,concepts/laws/securities-law/securities-law-article-119,raw/laws/中华人民共和国证券法.md
中华人民共和国证券法,120,一百二十,1,第八章　证券公司,,经国务院证券监督管理机构核准，取得经营证券业务许可证，证券公司可以经营下列部分或者全部证券业务：（一）证券经纪；,concepts/laws/securities-law/securities-law-article-120,raw/laws/中华人民共和国证券法.md
中华人民共和国证券法,121,一百二十一,1,第八章　证券公司,,证券公司经营本法第一百二十条第一款第（一）项至第（三）项业务的，注册资本最低限额为人民币五千万元；,concepts/laws/securities-law/securities-law-article-121,raw/laws/中华人民共和国证券法.md
中华人民共和国证券法,122,一百二十二,1,第八章　证券公司,,证券公司变更证券业务范围，变更主要股东或者公司的实际控制人，合并、分立、停业、解散、破产，应当经国务院证券监督管理机构核准。,concepts/laws/securities-law/securities-law-article-122,raw/laws/中华人民共和国证券法.md
中华人民共和国证券法,123,一百二十三,1,第八章　证券公司,,国务院证券监督管理机构应当对证券公司净资本和其他风险控制指标作出规定。,concepts/laws/securities-law/securities-law-article-123,raw/laws/中华人民共和国证券法.md
中华人民共和国证券法,124,一百二十四,1,第八章　证券公司,,证券公司的董事、监事、高级管理人员，应当正直诚实、品行良好，熟悉证券法律、行政法规，具有履行职责所需的经营管理能力。,concepts/laws/securities-law/securities-law-article-124,raw/laws/中华人民共和国证券法.md
中华人民共和国证券法,125,一百二十五,1,第八章　证券公司,,证券公司从事证券业务的人员应当品行良好，具备从事证券业务所需的专业能力。,concepts/laws/securities-law/securities-law-article-125,raw/laws/中华人民共和国证券法.md
中华人民共和国证券法,126,一百二十六,1,第八章　证券公司,,国家设立证券投资者保护基金。,concepts/laws/securities-law/securities-law-article-126,raw/laws/中华人民共和国证券法.md
中华人民共和国证券法,127,一百二十七,1,第八章　证券公司,,证券公司从每年的业务收入中提取交易风险准备金，用于弥补证券经营的损失，其提取的具体比例由国务院证券监督管理机构会同国务院财政部门规定。,concepts/laws/securities-law/securities-law-article-127,raw/laws/中华人民共和国证券法.md
中华人民共和国证券法,128,一百二十八,1,第八章　证券公司,,证券公司应当建立健全内部控制制度，采取有效隔离措施，防范公司与客户之间、不同客户之间的利益冲突。,concepts/laws/securities-law/securities-law-article-128,raw/laws/中华人民共和国证券法.md
中华人民共和国证券法,129,一百二十九,1,第八章　证券公司,,证券公司的自营业务必须以自己的名义进行，不得假借他人名义或者以个人名义进行。,concepts/laws/securities-law/securities-law-article-129,raw/laws/中华人民共和国证券法.md
中华人民共和国证券法,130,一百三十,1,第八章　证券公司,,证券公司应当依法审慎经营，勤勉尽责，诚实守信。,concepts/laws/securities-law/securities-law-article-130,raw/laws/中华人民共和国证券法.md
中华人民共和国证券法,131,一百三十一,1,第八章　证券公司,,证券公司客户的交易结算资金应当存放在商业银行，以每个客户的名义单独立户管理。,concepts/laws/securities-law/securities-law-article-131,raw/laws/中华人民共和国证券法.md
中华人民共和国证券法,132,一百三十二,1,第八章　证券公司,,证券公司办理经纪业务，应当置备统一制定的证券买卖委托书，供委托人使用。,concepts/laws/securities-law/securities-law-article-132,raw/laws/中华人民共和国证券法.md
中华人民共和国证券法,133,一百三十三,1,第八章　证券公司,,证券公司接受证券买卖的委托，应当根据委托书载明的证券名称、买卖数量、出价方式、价格幅度等，按照交易规则代理买卖证券，如实进行交易记录；买卖成交后，应当按照规定制作买卖成交报告单交付客户。,concepts/laws/securities-law/securities-law-article-133,raw/laws/中华人民共和国证券法.md
中华人民共和国证券法,134,一百三十四,1,第八章　证券公司,,证券公司办理经纪业务，不得接受客户的全权委托而决定证券买卖、选择证券种类、决定买卖数量或者买卖价格。,concepts/laws/securities-law/securities-law-article-134,raw/laws/中华人民共和国证券法.md
中华人民共和国证券法,135,一百三十五,1,第八章　证券公司,,证券公司不得对客户证券买卖的收益或者赔偿证券买卖的损失作出承诺。,concepts/laws/securities-law/securities-law-article-135,raw/laws/中华人民共和国证券法.md
中华人民共和国证券法,136,一百三十六,1,第八章　证券公司,,证券公司的从业人员在证券交易活动中，执行所属的证券公司的指令或者利用职务违反交易规则的，由所属的证券公司承担全部责任。,concepts/laws/securities-law/securities-law-article-136,raw/laws/中华人民共和国证券法.md
中华人民共和国证券法,137,一百三十七,1,第八章　证券公司,,证券公司应当建立客户信息查询制度，确保客户能够查询其账户信息、委托记录、交易记录以及其他与接受服务或者购买产品有关的重要信息。,concepts/laws/securities-law/securities-law-article-137,raw/laws/中华人民共和国证券法.md
中华人民共和国证券法,138,一百三十八,1,第八章　证券公司,,证券公司应当按照规定向国务院证券监督管理机构报送业务、财务等经营管理信息和资料。,concepts/laws/securities-law/securities-law-article-138,raw/laws/中华人民共和国证券法.md
中华人民共和国证券法,139,一百三十九,1,第八章　证券公司,,国务院证券监督管理机构认为有必要时，可以委托会计师事务所、资产评估机构对证券公司的财务状况、内部控制状况、资产价值进行审计或者评估。,concepts/laws/securities-law/securities-law-article-139,raw/laws/中华人民共和国证券法.md
中华人民共和国证券法,140,一百四十,1,第八章　证券公司,,证券公司的治理结构、合规管理、风险控制指标不符合规定的，国务院证券监督管理机构应当责令其限期改正；,concepts/laws/securities-law/securities-law-article-140,raw/laws/中华人民共和国证券法.md
中华人民共和国证券法,141,一百四十一,1,第八章　证券公司,,证券公司的股东有虚假出资、抽逃出资行为的，国务院证券监督管理机构应当责令其限期改正，并可责令其转让所持证券公司的股权。,concepts/laws/securities-law/securities-law-article-141,raw/laws/中华人民共和国证券法.md
中华人民共和国证券法,142,一百四十二,1,第八章　证券公司,,证券公司的董事、监事、高级管理人员未能勤勉尽责，致使证券公司存在重大违法违规行为或者重大风险的，国务院证券监督管理机构可以责令证券公司予以更换。,concepts/laws/securities-law/securities-law-article-142,raw/laws/中华人民共和国证券法.md
中华人民共和国证券法,143,一百四十三,1,第八章　证券公司,,证券公司违法经营或者出现重大风险，严重危害证券市场秩序、损害投资者利益的，国务院证券监督管理机构可以对该证券公司采取责令停业整顿、指定其他机构托管、接管或者撤销等监管措施。,concepts/laws/securities-law/securities-law-article-143,raw/laws/中华人民共和国证券法.md
中华人民共和国证券法,144,一百四十四,1,第八章　证券公司,,在证券公司被责令停业整顿、被依法指定托管、接管或者清算期间，或者出现重大风险时，经国务院证券监督管理机构批准，可以对该证券公司直接负责的董事、监事、高级管理人员和其他直接责任人员采取以下措施：（一）通知出境入境管理机关依法阻止其出境；,concepts/laws/securities-law/securities-law-article-144,raw/laws/中华人民共和国证券法.md
中华人民共和国证券法,145,一百四十五,1,第九章　证券登记结算机构,,证券登记结算机构为证券交易提供集中登记、存管与结算服务，不以营利为目的，依法登记，取得法人资格。,concepts/laws/securities-law/securities-law-article-145,raw/laws/中华人民共和国证券法.md
中华人民共和国证券法,146,一百四十六,1,第九章　证券登记结算机构,,设立证券登记结算机构，应当具备下列条件：（一）自有资金不少于人民币二亿元；（二）具有证券登记、存管和结算服务所必须的场所和设施；（三）国务院证券监督管理机构规定的其他条件。,concepts/laws/securities-law/securities-law-article-146,raw/laws/中华人民共和国证券法.md
中华人民共和国证券法,147,一百四十七,1,第九章　证券登记结算机构,,证券登记结算机构履行下列职能：（一）证券账户、结算账户的设立；,concepts/laws/securities-law/securities-law-article-147,raw/laws/中华人民共和国证券法.md
中华人民共和国证券法,148,一百四十八,1,第九章　证券登记结算机构,,在证券交易所和国务院批准的其他全国性证券交易场所交易的证券的登记结算，应当采取全国集中统一的运营方式。,concepts/laws/securities-law/securities-law-article-148,raw/laws/中华人民共和国证券法.md
中华人民共和国证券法,149,一百四十九,1,第九章　证券登记结算机构,,证券登记结算机构应当依法制定章程和业务规则，并经国务院证券监督管理机构批准。,concepts/laws/securities-law/securities-law-article-149,raw/laws/中华人民共和国证券法.md
中华人民共和国证券法,150,一百五十,1,第九章　证券登记结算机构,,在证券交易所或者国务院批准的其他全国性证券交易场所交易的证券，应当全部存管在证券登记结算机构。,concepts/laws/securities-law/securities-law-article-150,raw/laws/中华人民共和国证券法.md
中华人民共和国证券法,151,一百五十一,1,第九章　证券登记结算机构,,证券登记结算机构应当向证券发行人提供证券持有人名册及有关资料。,concepts/laws/securities-law/securities-law-article-151,raw/laws/中华人民共和国证券法.md
中华人民共和国证券法,152,一百五十二,1,第九章　证券登记结算机构,,证券登记结算机构应当采取下列措施保证业务的正常进行：（一）具有必备的服务设备和完善的数据安全保护措施；（二）建立完善的业务、财务和安全防范等管理制度；（三）建立完善的风险管理系统。,concepts/laws/securities-law/securities-law-article-152,raw/laws/中华人民共和国证券法.md
中华人民共和国证券法,153,一百五十三,1,第九章　证券登记结算机构,,证券登记结算机构应当妥善保存登记、存管和结算的原始凭证及有关文件和资料。,concepts/laws/securities-law/securities-law-article-153,raw/laws/中华人民共和国证券法.md
中华人民共和国证券法,154,一百五十四,1,第九章　证券登记结算机构,,证券登记结算机构应当设立证券结算风险基金，用于垫付或者弥补因违约交收、技术故障、操作失误、不可抗力造成的证券登记结算机构的损失。,concepts/laws/securities-law/securities-law-article-154,raw/laws/中华人民共和国证券法.md
中华人民共和国证券法,155,一百五十五,1,第九章　证券登记结算机构,,证券结算风险基金应当存入指定银行的专门账户，实行专项管理。,concepts/laws/securities-law/securities-law-article-155,raw/laws/中华人民共和国证券法.md
中华人民共和国证券法,156,一百五十六,1,第九章　证券登记结算机构,,证券登记结算机构申请解散，应当经国务院证券监督管理机构批准。,concepts/laws/securities-law/securities-law-article-156,raw/laws/中华人民共和国证券法.md
中华人民共和国证券法,157,一百五十七,1,第九章　证券登记结算机构,,投资者委托证券公司进行证券交易，应当通过证券公司申请在证券登记结算机构开立证券账户。,concepts/laws/securities-law/securities-law-article-157,raw/laws/中华人民共和国证券法.md
中华人民共和国证券法,158,一百五十八,1,第九章　证券登记结算机构,,证券登记结算机构作为中央对手方提供证券结算服务的，是结算参与人共同的清算交收对手，进行净额结算，为证券交易提供集中履约保障。,concepts/laws/securities-law/securities-law-article-158,raw/laws/中华人民共和国证券法.md
中华人民共和国证券法,159,一百五十九,1,第九章　证券登记结算机构,,证券登记结算机构按照业务规则收取的各类结算资金和证券，必须存放于专门的清算交收账户，只能按业务规则用于已成交的证券交易的清算交收，不得被强制执行。,concepts/laws/securities-law/securities-law-article-159,raw/laws/中华人民共和国证券法.md
中华人民共和国证券法,160,一百六十,1,第十章　证券服务机构,,会计师事务所、律师事务所以及从事证券投资咨询、资产评估、资信评级、财务顾问、信息技术系统服务的证券服务机构，应当勤勉尽责、恪尽职守，按照相关业务规则为证券的交易及相关活动提供服务。,concepts/laws/securities-law/securities-law-article-160,raw/laws/中华人民共和国证券法.md
中华人民共和国证券法,161,一百六十一,1,第十章　证券服务机构,,证券投资咨询机构及其从业人员从事证券服务业务不得有下列行为：（一）代理委托人从事证券投资；（二）与委托人约定分享证券投资收益或者分担证券投资损失；（三）买卖本证券投资咨询机构提供服务的证券；（四）法律、行政法规禁止的其他行为。,concepts/laws/securities-law/securities-law-article-161,raw/laws/中华人民共和国证券法.md
中华人民共和国证券法,162,一百六十二,1,第十章　证券服务机构,,证券服务机构应当妥善保存客户委托文件、核查和验证资料、工作底稿以及与质量控制、内部管理、业务经营有关的信息和资料，任何人不得泄露、隐匿、伪造、篡改或者毁损。,concepts/laws/securities-law/securities-law-article-162,raw/laws/中华人民共和国证券法.md
中华人民共和国证券法,163,一百六十三,1,第十章　证券服务机构,,证券服务机构为证券的发行、上市、交易等证券业务活动制作、出具审计报告及其他鉴证报告、资产评估报告、财务顾问报告、资信评级报告或者法律意见书等文件，应当勤勉尽责，对所依据的文件资料内容的真实性、准确性、完整性进行核查和验证。,concepts/laws/securities-law/securities-law-article-163,raw/laws/中华人民共和国证券法.md
中华人民共和国证券法,164,一百六十四,1,第十一章　证券业协会,,证券业协会是证券业的自律性组织，是社会团体法人。,concepts/laws/securities-law/securities-law-article-164,raw/laws/中华人民共和国证券法.md
中华人民共和国证券法,165,一百六十五,1,第十一章　证券业协会,,证券业协会章程由会员大会制定，并报国务院证券监督管理机构备案。,concepts/laws/securities-law/securities-law-article-165,raw/laws/中华人民共和国证券法.md
中华人民共和国证券法,166,一百六十六,1,第十一章　证券业协会,,证券业协会履行下列职责：（一）教育和组织会员及其从业人员遵守证券法律、行政法规，组织开展证券行业诚信建设，督促证券行业履行社会责任；,concepts/laws/securities-law/securities-law-article-166,raw/laws/中华人民共和国证券法.md
中华人民共和国证券法,167,一百六十七,1,第十一章　证券业协会,,证券业协会设理事会。,concepts/laws/securities-law/securities-law-article-167,raw/laws/中华人民共和国证券法.md
中华人民共和国证券法,168,一百六十八,1,第十二章　证券监督管理机构,,国务院证券监督管理机构依法对证券市场实行监督管理，维护证券市场公开、公平、公正，防范系统性风险，维护投资者合法权益，促进证券市场健康发展。,concepts/laws/securities-law/securities-law-article-168,raw/laws/中华人民共和国证券法.md
中华人民共和国证券法,169,一百六十九,1,第十二章　证券监督管理机构,,国务院证券监督管理机构在对证券市场实施监督管理中履行下列职责：（一）依法制定有关证券市场监督管理的规章、规则，并依法进行审批、核准、注册，办理备案；,concepts/laws/securities-law/securities-law-article-169,raw/laws/中华人民共和国证券法.md
中华人民共和国证券法,170,一百七十,1,第十二章　证券监督管理机构,,国务院证券监督管理机构依法履行职责，有权采取下列措施：（一）对证券发行人、证券公司、证券服务机构、证券交易场所、证券登记结算机构进行现场检查；,concepts/laws/securities-law/securities-law-article-170,raw/laws/中华人民共和国证券法.md
中华人民共和国证券法,171,一百七十一,1,第十二章　证券监督管理机构,,国务院证券监督管理机构对涉嫌证券违法的单位或者个人进行调查期间，被调查的当事人书面申请，承诺在国务院证券监督管理机构认可的期限内纠正涉嫌违法行为，赔偿有关投资者损失，消除损害或者不良影响的，国务院证券监督管理机构可以决定中止调查。,concepts/laws/securities-law/securities-law-article-171,raw/laws/中华人民共和国证券法.md
中华人民共和国证券法,172,一百七十二,1,第十二章　证券监督管理机构,,国务院证券监督管理机构依法履行职责，进行监督检查或者调查，其监督检查、调查的人员不得少于二人，并应当出示合法证件和监督检查、调查通知书或者其他执法文书。,concepts/laws/securities-law/securities-law-article-172,raw/laws/中华人民共和国证券法.md
中华人民共和国证券法,173,一百七十三,1,第十二章　证券监督管理机构,,国务院证券监督管理机构依法履行职责，被检查、调查的单位和个人应当配合，如实提供有关文件和资料，不得拒绝、阻碍和隐瞒。,concepts/laws/securities-law/securities-law-article-173,raw/laws/中华人民共和国证券法.md
中华人民共和国证券法,174,一百七十四,1,第十二章　证券监督管理机构,,国务院证券监督管理机构制定的规章、规则和监督管理工作制度应当依法公开。,concepts/laws/securities-law/securities-law-article-174,raw/laws/中华人民共和国证券法.md
中华人民共和国证券法,175,一百七十五,1,第十二章　证券监督管理机构,,国务院证券监督管理机构应当与国务院其他金融监督管理机构建立监督管理信息共享机制。,concepts/laws/securities-law/securities-law-article-175,raw/laws/中华人民共和国证券法.md
中华人民共和国证券法,176,一百七十六,1,第十二章　证券监督管理机构,,对涉嫌证券违法、违规行为，任何单位和个人有权向国务院证券监督管理机构举报。,concepts/laws/securities-law/securities-law-article-176,raw/laws/中华人民共和国证券法.md
中华人民共和国证券法,177,一百七十七,1,第十二章　证券监督管理机构,,国务院证券监督管理机构可以和其他国家或者地区的证券监督管理机构建立监督管理合作机制，实施跨境监督管理。,concepts/laws/securities-law/securities-law-article-177,raw/laws/中华人民共和国证券法.md
中华人民共和国证券法,178,一百七十八,1,第十二章　证券监督管理机构,,国务院证券监督管理机构依法履行职责，发现证券违法行为涉嫌犯罪的，应当依法将案件移送司法机关处理；发现公职人员涉嫌职务违法或者职务犯罪的，应当依法移送监察机关处理。,concepts/laws/securities-law/securities-law-article-178,raw/laws/中华人民共和国证券法.md
中华人民共和国证券法,179,一百七十九,1,第十二章　证券监督管理机构,,国务院证券监督管理机构工作人员必须忠于职守、依法办事、公正廉洁，不得利用职务便利牟取不正当利益，不得泄露所知悉的有关单位和个人的商业秘密。,concepts/laws/securities-law/securities-law-article-179,raw/laws/中华人民共和国证券法.md
中华人民共和国证券法,180,一百八十,1,第十三章　法律责任,,违反本法第九条的规定，擅自公开或者变相公开发行证券的，责令停止发行，退还所募资金并加算银行同期存款利息，处以非法所募资金金额百分之五以上百分之五十以下的罚款；,concepts/laws/securities-law/securities-law-article-180,raw/laws/中华人民共和国证券法.md
中华人民共和国证券法,181,一百八十一,1,第十三章　法律责任,,发行人在其公告的证券发行文件中隐瞒重要事实或者编造重大虚假内容，尚未发行证券的，处以二百万元以上二千万元以下的罚款；已经发行证券的，处以非法所募资金金额百分之十以上一倍以下的罚款。,concepts/laws/securities-law/securities-law-article-181,raw/laws/中华人民共和国证券法.md
中华人民共和国证券法,182,一百八十二,1,第十三章　法律责任,,保荐人出具有虚假记载、误导性陈述或者重大遗漏的保荐书，或者不履行其他法定职责的，责令改正，给予警告，没收业务收入，并处以业务收入一倍以上十倍以下的罚款；,concepts/laws/securities-law/securities-law-article-182,raw/laws/中华人民共和国证券法.md
中华人民共和国证券法,183,一百八十三,1,第十三章　法律责任,,证券公司承销或者销售擅自公开发行或者变相公开发行的证券的，责令停止承销或者销售，没收违法所得，并处以违法所得一倍以上十倍以下的罚款；,concepts/laws/securities-law/securities-law-article-183,raw/laws/中华人民共和国证券法.md
中华人民共和国证券法,184,一百八十四,1,第十三章　法律责任,,证券公司承销证券违反本法第二十九条规定的，责令改正，给予警告，没收违法所得，可以并处五十万元以上五百万元以下的罚款；情节严重的，暂停或者撤销相关业务许可。,concepts/laws/securities-law/securities-law-article-184,raw/laws/中华人民共和国证券法.md
中华人民共和国证券法,185,一百八十五,1,第十三章　法律责任,,发行人违反本法第十四条、第十五条的规定擅自改变公开发行证券所募集资金的用途的，责令改正，处以五十万元以上五百万元以下的罚款；对直接负责的主管人员和其他直接责任人员给予警告，并处以十万元以上一百万元以下的罚款。,concepts/laws/securities-law/securities-law-article-185,raw/laws/中华人民共和国证券法.md
中华人民共和国证券法,186,一百八十六,1,第十三章　法律责任,,违反本法第三十六条的规定，在限制转让期内转让证券，或者转让股票不符合法律、行政法规和国务院证券监督管理机构规定的，责令改正，给予警告，没收违法所得，并处以买卖证券等值以下的罚款。,concepts/laws/securities-law/securities-law-article-186,raw/laws/中华人民共和国证券法.md
中华人民共和国证券法,187,一百八十七,1,第十三章　法律责任,,法律、行政法规规定禁止参与股票交易的人员，违反本法第四十条的规定，直接或者以化名、借他人名义持有、买卖股票或者其他具有股权性质的证券的，责令依法处理非法持有的股票、其他具有股权性质的证券，没收违法所得，并处以买卖证券等值以下的罚款；,concepts/laws/securities-law/securities-law-article-187,raw/laws/中华人民共和国证券法.md
中华人民共和国证券法,188,一百八十八,1,第十三章　法律责任,,证券服务机构及其从业人员，违反本法第四十二条的规定买卖证券的，责令依法处理非法持有的证券，没收违法所得，并处以买卖证券等值以下的罚款。,concepts/laws/securities-law/securities-law-article-188,raw/laws/中华人民共和国证券法.md
中华人民共和国证券法,189,一百八十九,1,第十三章　法律责任,,上市公司、股票在国务院批准的其他全国性证券交易场所交易的公司的董事、监事、高级管理人员、持有该公司百分之五以上股份的股东，违反本法第四十四条的规定，买卖该公司股票或者其他具有股权性质的证券的，给予警告，并处以十万元以上一百万元以下的罚款。,concepts/laws/securities-law/securities-law-article-189,raw/laws/中华人民共和国证券法.md
中华人民共和国证券法,190,一百九十,1,第十三章　法律责任,,违反本法第四十五条的规定，采取程序化交易影响证券交易所系统安全或者正常交易秩序的，责令改正，并处以五十万元以上五百万元以下的罚款。,concepts/laws/securities-law/securities-law-article-190,raw/laws/中华人民共和国证券法.md
中华人民共和国证券法,191,一百九十一,1,第十三章　法律责任,,证券交易内幕信息的知情人或者非法获取内幕信息的人违反本法第五十三条的规定从事内幕交易的，责令依法处理非法持有的证券，没收违法所得，并处以违法所得一倍以上十倍以下的罚款；,concepts/laws/securities-law/securities-law-article-191,raw/laws/中华人民共和国证券法.md
中华人民共和国证券法,192,一百九十二,1,第十三章　法律责任,,违反本法第五十五条的规定，操纵证券市场的，责令依法处理其非法持有的证券，没收违法所得，并处以违法所得一倍以上十倍以下的罚款；没有违法所得或者违法所得不足一百万元的，处以一百万元以上一千万元以下的罚款。,concepts/laws/securities-law/securities-law-article-192,raw/laws/中华人民共和国证券法.md
中华人民共和国证券法,193,一百九十三,1,第十三章　法律责任,,违反本法第五十六条第一款、第三款的规定，编造、传播虚假信息或者误导性信息，扰乱证券市场的，没收违法所得，并处以违法所得一倍以上十倍以下的罚款；没有违法所得或者违法所得不足二十万元的，处以二十万元以上二百万元以下的罚款。,concepts/laws/securities-law/securities-law-article-193,raw/laws/中华人民共和国证券法.md
中华人民共和国证券法,194,一百九十四,1,第十三章　法律责任,,证券公司及其从业人员违反本法第五十七条的规定，有损害客户利益的行为的，给予警告，没收违法所得，并处以违法所得一倍以上十倍以下的罚款；,concepts/laws/securities-law/securities-law-article-194,raw/laws/中华人民共和国证券法.md
中华人民共和国证券法,195,一百九十五,1,第十三章　法律责任,,违反本法第五十八条的规定，出借自己的证券账户或者借用他人的证券账户从事证券交易的，责令改正，给予警告，可以处五十万元以下的罚款。,concepts/laws/securities-law/securities-law-article-195,raw/laws/中华人民共和国证券法.md
中华人民共和国证券法,196,一百九十六,1,第十三章　法律责任,,收购人未按照本法规定履行上市公司收购的公告、发出收购要约义务的，责令改正，给予警告，并处以五十万元以上五百万元以下的罚款。,concepts/laws/securities-law/securities-law-article-196,raw/laws/中华人民共和国证券法.md
中华人民共和国证券法,197,一百九十七,1,第十三章　法律责任,,信息披露义务人未按照本法规定报送有关报告或者履行信息披露义务的，责令改正，给予警告，并处以五十万元以上五百万元以下的罚款；对直接负责的主管人员和其他直接责任人员给予警告，并处以二十万元以上二百万元以下的罚款。,concepts/laws/securities-law/securities-law-article-197,raw/laws/中华人民共和国证券法.md
中华人民共和国证券法,198,一百九十八,1,第十三章　法律责任,,证券公司违反本法第八十八条的规定未履行或者未按照规定履行投资者适当性管理义务的，责令改正，给予警告，并处以十万元以上一百万元以下的罚款。,concepts/laws/securities-law/securities-law-article-198,raw/laws/中华人民共和国证券法.md
中华人民共和国证券法,199,一百九十九,1,第十三章　法律责任,,违反本法第九十条的规定征集股东权利的，责令改正，给予警告，可以处五十万元以下的罚款。,concepts/laws/securities-law/securities-law-article-199,raw/laws/中华人民共和国证券法.md
中华人民共和国证券法,200,二百,1,第十三章　法律责任,,非法开设证券交易场所的，由县级以上人民政府予以取缔，没收违法所得，并处以违法所得一倍以上十倍以下的罚款；没有违法所得或者违法所得不足一百万元的，处以一百万元以上一千万元以下的罚款。,concepts/laws/securities-law/securities-law-article-200,raw/laws/中华人民共和国证券法.md
中华人民共和国证券法,201,二百零一,1,第十三章　法律责任,,证券公司违反本法第一百零七条第一款的规定，未对投资者开立账户提供的身份信息进行核对的，责令改正，给予警告，并处以五万元以上五十万元以下的罚款。,concepts/laws/securities-law/securities-law-article-201,raw/laws/中华人民共和国证券法.md
中华人民共和国证券法,202,二百零二,1,第十三章　法律责任,,违反本法第一百一十八条、第一百二十条第一款、第四款的规定，擅自设立证券公司、非法经营证券业务或者未经批准以证券公司名义开展证券业务活动的，责令改正，没收违法所得，并处以违法所得一倍以上十倍以下的罚款；,concepts/laws/securities-law/securities-law-article-202,raw/laws/中华人民共和国证券法.md
中华人民共和国证券法,203,二百零三,1,第十三章　法律责任,,提交虚假证明文件或者采取其他欺诈手段骗取证券公司设立许可、业务许可或者重大事项变更核准的，撤销相关许可，并处以一百万元以上一千万元以下的罚款。,concepts/laws/securities-law/securities-law-article-203,raw/laws/中华人民共和国证券法.md
中华人民共和国证券法,204,二百零四,1,第十三章　法律责任,,证券公司违反本法第一百二十二条的规定，未经核准变更证券业务范围，变更主要股东或者公司的实际控制人，合并、分立、停业、解散、破产的，责令改正，给予警告，没收违法所得，并处以违法所得一倍以上十倍以下的罚款；,concepts/laws/securities-law/securities-law-article-204,raw/laws/中华人民共和国证券法.md
中华人民共和国证券法,205,二百零五,1,第十三章　法律责任,,证券公司违反本法第一百二十三条第二款的规定，为其股东或者股东的关联人提供融资或者担保的，责令改正，给予警告，并处以五十万元以上五百万元以下的罚款。,concepts/laws/securities-law/securities-law-article-205,raw/laws/中华人民共和国证券法.md
中华人民共和国证券法,206,二百零六,1,第十三章　法律责任,,证券公司违反本法第一百二十八条的规定，未采取有效隔离措施防范利益冲突，或者未分开办理相关业务、混合操作的，责令改正，给予警告，没收违法所得，并处以违法所得一倍以上十倍以下的罚款；,concepts/laws/securities-law/securities-law-article-206,raw/laws/中华人民共和国证券法.md
中华人民共和国证券法,207,二百零七,1,第十三章　法律责任,,证券公司违反本法第一百二十九条的规定从事证券自营业务的，责令改正，给予警告，没收违法所得，并处以违法所得一倍以上十倍以下的罚款；,concepts/laws/securities-law/securities-law-article-207,raw/laws/中华人民共和国证券法.md
中华人民共和国证券法,208,二百零八,1,第十三章　法律责任,,违反本法第一百三十一条的规定，将客户的资金和证券归入自有财产，或者挪用客户的资金和证券的，责令改正，给予警告，没收违法所得，并处以违法所得一倍以上十倍以下的罚款；,concepts/laws/securities-law/securities-law-article-208,raw/laws/中华人民共和国证券法.md
中华人民共和国证券法,209,二百零九,1,第十三章　法律责任,,证券公司违反本法第一百三十四条第一款的规定接受客户的全权委托买卖证券的，或者违反本法第一百三十五条的规定对客户的收益或者赔偿客户的损失作出承诺的，责令改正，给予警告，没收违法所得，并处以违法所得一倍以上十倍以下的罚款；,concepts/laws/securities-law/securities-law-article-209,raw/laws/中华人民共和国证券法.md
中华人民共和国证券法,210,二百一十,1,第十三章　法律责任,,证券公司的从业人员违反本法第一百三十六条的规定，私下接受客户委托买卖证券的，责令改正，给予警告，没收违法所得，并处以违法所得一倍以上十倍以下的罚款；没有违法所得的，处以五十万元以下的罚款。,concepts/laws/securities-law/securities-law-article-210,raw/laws/中华人民共和国证券法.md
中华人民共和国证券法,211,二百一十一,1,第十三章　法律责任,,证券公司及其主要股东、实际控制人违反本法第一百三十八条的规定，未报送、提供信息和资料，或者报送、提供的信息和资料有虚假记载、误导性陈述或者重大遗漏的，责令改正，给予警告，并处以一百万元以下的罚款；情节严重的，并处撤销相关业务许可。,concepts/laws/securities-law/securities-law-article-211,raw/laws/中华人民共和国证券法.md
中华人民共和国证券法,212,二百一十二,1,第十三章　法律责任,,违反本法第一百四十五条的规定，擅自设立证券登记结算机构的，由国务院证券监督管理机构予以取缔，没收违法所得，并处以违法所得一倍以上十倍以下的罚款；没有违法所得或者违法所得不足五十万元的，处以五十万元以上五百万元以下的罚款。,concepts/laws/securities-law/securities-law-article-212,raw/laws/中华人民共和国证券法.md
中华人民共和国证券法,213,二百一十三,1,第十三章　法律责任,,证券投资咨询机构违反本法第一百六十条第二款的规定擅自从事证券服务业务，或者从事证券服务业务有本法第一百六十一条规定行为的，责令改正，没收违法所得，并处以违法所得一倍以上十倍以下的罚款；,concepts/laws/securities-law/securities-law-article-213,raw/laws/中华人民共和国证券法.md
中华人民共和国证券法,214,二百一十四,1,第十三章　法律责任,,发行人、证券登记结算机构、证券公司、证券服务机构未按照规定保存有关文件和资料的，责令改正，给予警告，并处以十万元以上一百万元以下的罚款；,concepts/laws/securities-law/securities-law-article-214,raw/laws/中华人民共和国证券法.md
中华人民共和国证券法,215,二百一十五,1,第十三章　法律责任,,国务院证券监督管理机构依法将有关市场主体遵守本法的情况纳入证券市场诚信档案。,concepts/laws/securities-law/securities-law-article-215,raw/laws/中华人民共和国证券法.md
中华人民共和国证券法,216,二百一十六,1,第十三章　法律责任,,国务院证券监督管理机构或者国务院授权的部门有下列情形之一的，对直接负责的主管人员和其他直接责任人员，依法给予处分：（一）对不符合本法规定的发行证券、设立证券公司等申请予以核准、注册、批准的；,concepts/laws/securities-law/securities-law-article-216,raw/laws/中华人民共和国证券法.md
中华人民共和国证券法,217,二百一十七,1,第十三章　法律责任,,国务院证券监督管理机构或者国务院授权的部门的工作人员，不履行本法规定的职责，滥用职权、玩忽职守，利用职务便利牟取不正当利益，或者泄露所知悉的有关单位和个人的商业秘密的，依法追究法律责任。,concepts/laws/securities-law/securities-law-article-217,raw/laws/中华人民共和国证券法.md
中华人民共和国证券法,218,二百一十八,1,第十三章　法律责任,,拒绝、阻碍证券监督管理机构及其工作人员依法行使监督检查、调查职权，由证券监督管理机构责令改正，处以十万元以上一百万元以下的罚款，并由公安机关依法给予治安管理处罚。,concepts/laws/securities-law/securities-law-article-218,raw/laws/中华人民共和国证券法.md
中华人民共和国证券法,219,二百一十九,1,第十三章　法律责任,,违反本法规定，构成犯罪的，依法追究刑事责任。,concepts/laws/securities-law/securities-law-article-219,raw/laws/中华人民共和国证券法.md
中华人民共和国证券法,220,二百二十,1,第十三章　法律责任,,违反本法规定，应当承担民事赔偿责任和缴纳罚款、罚金、违法所得，违法行为人的财产不足以支付的，优先用于承担民事赔偿责任。,concepts/laws/securities-law/securities-law-article-220,raw/laws/中华人民共和国证券法.md
中华人民共和国证券法,221,二百二十一,1,第十三章　法律责任,,违反法律、行政法规或者国务院证券监督管理机构的有关规定，情节严重的，国务院证券监督管理机构可以对有关责任人员采取证券市场禁入的措施。,concepts/laws/securities-law/securities-law-article-221,raw/laws/中华人民共和国证券法.md
中华人民共和国证券法,222,二百二十二,1,第十三章　法律责任,,依照本法收缴的罚款和没收的违法所得，全部上缴国库。,concepts/laws/securities-law/securities-law-article-222,raw/laws/中华人民共和国证券法.md
中华人民共和国证券法,223,二百二十三,1,第十三章　法律责任,,当事人对证券监督管理机构或者国务院授权的部门的处罚决定不服的，可以依法申请行政复议，或者依法直接向人民法院提起诉讼。,concepts/laws/securities-law/securities-law-article-223,raw/laws/中华人民共和国证券法.md
中华人民共和国证券法,224,二百二十四,1,第十四章　附　　则,,境内企业直接或者间接到境外发行证券或者将其证券在境外上市交易，应当符合国务院的有关规定。,concepts/laws/securities-law/securities-law-article-224,raw/laws/中华人民共和国证券法.md
中华人民共和国证券法,225,二百二十五,1,第十四章　附　　则,,境内公司股票以外币认购和交易的，具体办法由国务院另行规定。,concepts/laws/securities-law/securities-law-article-225,raw/laws/中华人民共和国证券法.md
中华人民共和国证券法,226,二百二十六,1,第十四章　附　　则,,本法自2020年3月1日起施行。,concepts/laws/securities-law/securities-law-article-226,raw/laws/中华人民共和国证券法.md
